,,code_comment_count,code_comment_deprecated_count,code_comment_deprecated_ratio,code_comment_explanation_count,code_comment_explanation_ratio,code_comment_future work_count,code_comment_future work_ratio,issue_comment_bug report_count,issue_comment_bug report_ratio,issue_comment_conclusion_count,issue_comment_conclusion_ratio,issue_comment_count,issue_comment_discussion_count,issue_comment_discussion_ratio,issue_comment_feature request_count,issue_comment_feature request_ratio,issue_comment_question_count,issue_comment_question_ratio,issue_comment_solution_count,issue_comment_solution_ratio,positivity_ratio,star_count_end,star_count_start,star_growth_rate
2010Q1,django/django,20.0,1.0,0.05,18.0,0.9,1.0,0.05,,,,,,,,,,,,,,0.15,0.0,0.0,0.0
2010Q1,rails/rails,37.0,2.0,0.05405405405405406,34.0,0.918918918918919,1.0,0.02702702702702703,,,,,,,,,,,,,,0.1891891891891892,6669.0,6336.0,0.05255681818181812
2010Q2,django/django,11.0,,,11.0,1.0,,,,,,,,,,,,,,,,0.18181818181818182,0.0,0.0,0.0
2010Q2,pallets/flask,102.0,,,96.0,0.9411764705882353,6.0,0.058823529411764705,,,,,,,,,,,,,,0.18627450980392157,271.0,0.0,0.0
2010Q3,django/django,27.0,2.0,0.07407407407407407,22.0,0.8148148148148148,3.0,0.1111111111111111,,,,,,,,,,,,,,0.2222222222222222,0.0,0.0,0.0
2010Q3,pallets/flask,40.0,,,39.0,0.975,1.0,0.025,,,,,,,,,,,,,,0.125,710.0,394.0,0.8020304568527918
2010Q4,django/django,41.0,3.0,0.07317073170731707,37.0,0.9024390243902439,1.0,0.024390243902439025,,,,,,,,,,,,,,0.0975609756097561,0.0,0.0,0.0
2010Q4,pallets/flask,1.0,,,1.0,1.0,,,,,,,,,,,,,,,,0.0,914.0,914.0,0.0
2010Q4,rails/rails,19.0,2.0,0.10526315789473684,17.0,0.8947368421052632,,,,,,,,,,,,,,,,0.10526315789473684,8764.0,8490.0,0.03227326266195529
2011Q1,django/django,14.0,,,13.0,0.9285714285714286,1.0,0.07142857142857142,,,,,,,,,,,,,,0.07142857142857142,0.0,0.0,0.0
2011Q1,pallets/flask,7.0,,,6.0,0.8571428571428571,1.0,0.14285714285714285,,,,,,,,,,,,,,0.0,1570.0,1380.0,0.1376811594202898
2011Q1,rails/rails,45.0,,,44.0,0.9777777777777777,1.0,0.022222222222222223,,,,,,,,,,,,,,0.2222222222222222,9967.0,9777.0,0.019433364017592325
2011Q2,django/django,16.0,,,16.0,1.0,,,,,,,,,,,,,,,,0.25,0.0,0.0,0.0
2011Q2,pallets/flask,28.0,,,27.0,0.9642857142857143,1.0,0.03571428571428571,,,,,,,,,,,,,,0.10714285714285714,1977.0,1746.0,0.13230240549828176
2011Q2,rails/rails,286.0,17.0,0.05944055944055944,244.0,0.8531468531468531,25.0,0.08741258741258741,,,,,,,,,,,,,,0.22377622377622378,10393.0,10156.0,0.02333595903899166
2011Q2,twbs/bootstrap,28.0,,,27.0,0.9642857142857143,1.0,0.03571428571428571,,,,,,,,,,,,,,0.4642857142857143,21270.0,21270.0,0.0
2011Q3,django/django,15.0,,,14.0,0.9333333333333333,1.0,0.06666666666666667,,,,,,,,,,,,,,0.26666666666666666,0.0,0.0,0.0
2011Q3,pallets/flask,34.0,1.0,0.029411764705882353,30.0,0.8823529411764706,3.0,0.08823529411764706,,,,,,,,,,,,,,0.23529411764705882,2439.0,2068.0,0.1794003868471954
2011Q3,twbs/bootstrap,6.0,,,5.0,0.8333333333333334,1.0,0.16666666666666666,,,,,,,,,,,,,,0.3333333333333333,24298.0,21270.0,0.14236013164080874
2011Q4,django/django,12.0,,,12.0,1.0,,,,,,,,,,,,,,,,0.0,0.0,0.0,0.0
2011Q4,pallets/flask,2.0,2.0,1.0,,,,,,,,,,,,,,,,,,0.0,2719.0,2719.0,0.0
2011Q4,twbs/bootstrap,2.0,,,2.0,1.0,,,,,,,,,,,,,,,,0.5,27797.0,26940.0,0.03181143281366006
2012Q1,django/django,9.0,,,9.0,1.0,,,,,,,,,,,,,,,,0.1111111111111111,0.0,0.0,0.0
2012Q1,pallets/flask,12.0,1.0,0.08333333333333333,11.0,0.9166666666666666,,,,,,,,,,,,,,,,0.16666666666666666,3199.0,2900.0,0.10310344827586215
2012Q1,twbs/bootstrap,14.0,1.0,0.07142857142857142,13.0,0.9285714285714286,,,,,,,,,,,,,,,,0.07142857142857142,28983.0,28851.0,0.00457523136113136
2012Q2,django/django,11.0,,,10.0,0.9090909090909091,1.0,0.09090909090909091,,,,,,,,,,,,,,0.2727272727272727,520.0,0.0,0.0
2012Q2,pallets/flask,20.0,2.0,0.1,17.0,0.85,1.0,0.05,,,,,,,,,,,,,,0.05,3678.0,3321.0,0.10749774164408321
2012Q2,twbs/bootstrap,1.0,,,1.0,1.0,,,,,,,,,,,,,,,,0.0,31537.0,31537.0,0.0
2012Q3,django/django,13.0,1.0,0.07692307692307693,10.0,0.7692307692307693,2.0,0.15384615384615385,,,,,,,,,,,,,,0.15384615384615385,1960.0,1200.0,0.6333333333333333
2012Q3,pallets/flask,3.0,,,3.0,1.0,,,,,,,,,,,,,,,,0.0,3882.0,3882.0,0.0
2012Q3,rails/rails,,,,,,,,,,1.0,0.3333333333333333,3.0,1.0,0.3333333333333333,,,1.0,0.3333333333333333,,,0.0,14117.0,13956.0,0.011536256807108014
2012Q3,twbs/bootstrap,221.0,8.0,0.03619909502262444,183.0,0.8280542986425339,30.0,0.13574660633484162,,,,,,,,,,,,,,0.19909502262443438,34059.0,33537.0,0.015564898470346256
2012Q4,django/django,17.0,,,15.0,0.8823529411764706,2.0,0.11764705882352941,,,,,,,,,,,,,,0.058823529411764705,3133.0,2427.0,0.2908941079522043
2012Q4,pallets/flask,11.0,1.0,0.09090909090909091,9.0,0.8181818181818182,1.0,0.09090909090909091,,,,,,,,,,,,,,0.2727272727272727,4149.0,4140.0,0.0021739130434783593
2012Q4,rails/rails,,,,,,,,,,,,3.0,1.0,0.3333333333333333,,,2.0,0.6666666666666666,,,0.0,14553.0,14249.0,0.021334830514422087
2013Q1,django/django,3.0,,,3.0,1.0,,,,,,,,,,,,,,,,0.3333333333333333,4267.0,3733.0,0.14304848647200652
2013Q1,pallets/flask,2.0,,,2.0,1.0,,,,,,,,,,,,,,,,0.0,4619.0,4619.0,0.0
2013Q1,rails/rails,,,,,,,,,,,,1.0,1.0,1.0,,,,,,,0.0,15133.0,15133.0,0.0
2013Q2,django/django,257.0,16.0,0.0622568093385214,224.0,0.8715953307392996,17.0,0.06614785992217899,,,,,,,,,,,,,,0.20622568093385213,5460.0,4520.0,0.2079646017699115
2013Q2,facebook/react,7.0,,,5.0,0.7142857142857143,2.0,0.2857142857142857,,,,,,,,,,,,,,0.0,462.0,246.0,0.8780487804878048
2013Q2,pallets/flask,10.0,1.0,0.1,9.0,0.9,,,,,,,,,,,,,,,,0.0,5203.0,5171.0,0.0061883581512280905
2013Q2,rails/rails,4.0,,,4.0,1.0,,,,,,,3.0,1.0,0.3333333333333333,,,2.0,0.6666666666666666,,,0.2857142857142857,15679.0,15638.0,0.0026218186468858207
2013Q2,twbs/bootstrap,74.0,1.0,0.013513513513513514,62.0,0.8378378378378378,11.0,0.14864864864864866,,,,,,,,,,,,,,0.24324324324324326,41652.0,40662.0,0.024347056219566232
2013Q3,Zulko/moviepy,74.0,1.0,0.013513513513513514,66.0,0.8918918918918919,7.0,0.0945945945945946,,,,,,,,,,,,,,0.25675675675675674,51.0,2.0,24.5
2013Q3,django/django,17.0,,,16.0,0.9411764705882353,1.0,0.058823529411764705,,,,,,,,,,,,,,0.23529411764705882,6080.0,5566.0,0.09234638878907653
2013Q3,facebook/react,57.0,2.0,0.03508771929824561,51.0,0.8947368421052632,4.0,0.07017543859649122,,,,,,,,,,,,,,0.15789473684210525,1586.0,508.0,2.122047244094488
2013Q3,pallets/flask,2.0,,,2.0,1.0,,,,,,,,,,,,,,,,0.0,5660.0,5660.0,0.0
2013Q3,twbs/bootstrap,131.0,5.0,0.03816793893129771,122.0,0.9312977099236641,4.0,0.030534351145038167,,,,,,,,,,,,,,0.17557251908396945,43919.0,42706.0,0.028403503020652865
2013Q4,Zulko/moviepy,4.0,,,4.0,1.0,,,,,,,,,,,,,,,,0.25,257.0,103.0,1.495145631067961
2013Q4,django/django,30.0,,,30.0,1.0,,,,,,,,,,,,,,,,0.1,7027.0,6448.0,0.08979528535980141
2013Q4,facebook/react,46.0,2.0,0.043478260869565216,44.0,0.9565217391304348,,,,,,,,,,,,,,,,0.043478260869565216,3325.0,2371.0,0.4023618726275833
2013Q4,pallets/flask,3.0,,,3.0,1.0,,,,,,,,,,,,,,,,0.0,6447.0,6334.0,0.01784022734448998
2013Q4,rails/rails,,,,,,,,,,1.0,1.0,1.0,,,,,,,,,0.0,17236.0,17236.0,0.0
2013Q4,twbs/bootstrap,13.0,3.0,0.23076923076923078,10.0,0.7692307692307693,,,,,,,,,,,,,,,,0.0,47367.0,45515.0,0.04068988245633309
2014Q1,Zulko/moviepy,55.0,2.0,0.03636363636363636,47.0,0.8545454545454545,6.0,0.10909090909090909,,,,,,,,,,,,,,0.10909090909090909,455.0,332.0,0.3704819277108433
2014Q1,django/django,67.0,1.0,0.014925373134328358,61.0,0.9104477611940298,5.0,0.07462686567164178,,,,,,,,,,,,,,0.1044776119402985,7770.0,7093.0,0.09544621457775282
2014Q1,facebook/react,13.0,1.0,0.07692307692307693,10.0,0.7692307692307693,2.0,0.15384615384615385,,,,,,,,,,,,,,0.07692307692307693,4695.0,3417.0,0.3740122914837576
2014Q1,pallets/flask,1.0,,,1.0,1.0,,,,,,,,,,,,,,,,0.0,7328.0,7328.0,0.0
2014Q1,rails/rails,,,,,,,,,,,,2.0,2.0,1.0,,,,,,,0.5,17646.0,17527.0,0.00678952473326877
2014Q1,twbs/bootstrap,80.0,2.0,0.025,75.0,0.9375,3.0,0.0375,,,,,,,,,,,,,,0.1625,49953.0,48899.0,0.021554633019080116
2014Q2,Zulko/moviepy,27.0,2.0,0.07407407407407407,24.0,0.8888888888888888,1.0,0.037037037037037035,,,,,,,,,,,,,,0.14814814814814814,670.0,492.0,0.3617886178861789
2014Q2,django/django,27.0,1.0,0.037037037037037035,20.0,0.7407407407407407,6.0,0.2222222222222222,,,,,,,,,,,,,,0.2222222222222222,8633.0,7901.0,0.09264650044298195
2014Q2,facebook/react,1.0,,,1.0,1.0,,,,,,,5.0,1.0,0.2,1.0,0.2,3.0,0.6,,,0.0,6240.0,4772.0,0.30762782900251473
2014Q2,pallets/flask,24.0,1.0,0.041666666666666664,23.0,0.9583333333333334,,,,,,,,,,,,,,,,0.08333333333333333,8156.0,7846.0,0.03951057863879681
2014Q2,rails/rails,2.0,,,2.0,1.0,,,1.0,0.07692307692307693,,,13.0,2.0,0.15384615384615385,,,10.0,0.7692307692307693,,,0.0,18818.0,18238.0,0.031801732646123515
2014Q2,twbs/bootstrap,2.0,1.0,0.5,1.0,0.5,,,,,,,,,,,,,,,,0.0,52922.0,50943.0,0.03884733918300842
2014Q3,Zulko/moviepy,33.0,1.0,0.030303030303030304,28.0,0.8484848484848485,4.0,0.12121212121212122,,,,,,,,,,,,,,0.15151515151515152,861.0,701.0,0.22824536376604843
2014Q3,django/django,36.0,3.0,0.08333333333333333,32.0,0.8888888888888888,1.0,0.027777777777777776,,,,,,,,,,,,,,0.1111111111111111,9585.0,8695.0,0.10235767682576191
2014Q3,facebook/react,9.0,,,9.0,1.0,,,,,,,1.0,,,1.0,1.0,,,,,0.2,7681.0,6413.0,0.1977233743957587
2014Q3,pallets/flask,7.0,1.0,0.14285714285714285,6.0,0.8571428571428571,,,,,,,,,,,,,,,,0.0,9354.0,9187.0,0.018177860019592984
2014Q3,rails/rails,,,,,,,,,,2.0,0.15384615384615385,13.0,1.0,0.07692307692307693,1.0,0.07692307692307693,9.0,0.6923076923076923,,,0.0,20011.0,19039.0,0.05105310152844167
2014Q3,twbs/bootstrap,21.0,1.0,0.047619047619047616,18.0,0.8571428571428571,2.0,0.09523809523809523,,,,,,,,,,,,,,0.19047619047619047,56083.0,53816.0,0.042125018581834484
2014Q4,Zulko/moviepy,20.0,,,17.0,0.85,3.0,0.15,,,,,1.0,,,1.0,1.0,,,,,0.19047619047619047,1048.0,900.0,0.1644444444444444
2014Q4,django/django,53.0,1.0,0.018867924528301886,47.0,0.8867924528301887,5.0,0.09433962264150944,,,,,,,,,,,,,,0.1320754716981132,10558.0,9709.0,0.08744463899474719
2014Q4,ethereum/go-ethereum,3.0,,,3.0,1.0,,,,,,,,,,,,,,,,0.0,1263.0,1202.0,0.05074875207986684
2014Q4,facebook/react,9.0,,,6.0,0.6666666666666666,3.0,0.3333333333333333,,,,,,,,,,,,,,0.1111111111111111,10496.0,9068.0,0.15747684164093512
2014Q4,pallets/flask,3.0,,,3.0,1.0,,,,,,,,,,,,,,,,0.3333333333333333,9894.0,9884.0,0.0010117361392147917
2014Q4,rails/rails,1.0,,,1.0,1.0,,,1.0,0.04,3.0,0.12,25.0,4.0,0.16,1.0,0.04,15.0,0.6,1.0,0.04,0.07692307692307693,20773.0,20022.0,0.037508740385575834
2014Q4,twbs/bootstrap,94.0,6.0,0.06382978723404255,84.0,0.8936170212765957,4.0,0.0425531914893617,,,,,,,,,,,,,,0.24468085106382978,58988.0,57360.0,0.02838214783821469
2015Q1,Zulko/moviepy,6.0,1.0,0.16666666666666666,5.0,0.8333333333333334,,,,,,,5.0,,,,,4.0,0.8,1.0,0.2,0.18181818181818182,1236.0,1146.0,0.07853403141361248
2015Q1,django/django,74.0,6.0,0.08108108108108109,64.0,0.8648648648648649,4.0,0.05405405405405406,,,,,,,,,,,,,,0.13513513513513514,11577.0,10658.0,0.08622630887596161
2015Q1,ethereum/go-ethereum,68.0,3.0,0.04411764705882353,56.0,0.8235294117647058,9.0,0.1323529411764706,,,,,,,,,,,,,,0.22058823529411764,1775.0,1515.0,0.1716171617161717
2015Q1,facebook/react,11.0,,,9.0,0.8181818181818182,2.0,0.18181818181818182,,,,,1.0,1.0,1.0,,,,,,,0.0,16263.0,11710.0,0.38881298035866774
2015Q1,pallets/flask,13.0,,,12.0,0.9230769230769231,1.0,0.07692307692307693,,,,,,,,,,,,,,0.15384615384615385,11545.0,10924.0,0.05684730867813981
2015Q1,phoenixframework/phoenix,8.0,,,8.0,1.0,,,,,,,,,,,,,,,,0.125,2186.0,1955.0,0.11815856777493616
2015Q1,rails/rails,,,,,,,,2.0,0.1111111111111111,2.0,0.1111111111111111,18.0,5.0,0.2777777777777778,1.0,0.05555555555555555,8.0,0.4444444444444444,,,0.2222222222222222,22076.0,21049.0,0.04879091643308464
2015Q1,twbs/bootstrap,64.0,,,58.0,0.90625,6.0,0.09375,,,,,,,,,,,,,,0.21875,61351.0,60105.0,0.020730388486814633
2015Q2,Zulko/moviepy,,,,,,,,,,,,6.0,,,1.0,0.16666666666666666,5.0,0.8333333333333334,,,0.16666666666666666,1421.0,1320.0,0.07651515151515142
2015Q2,django/django,17.0,,,17.0,1.0,,,,,,,,,,,,,,,,0.23529411764705882,12862.0,11930.0,0.07812238055322718
2015Q2,ethereum/go-ethereum,187.0,8.0,0.0427807486631016,163.0,0.8716577540106952,16.0,0.0855614973262032,,,,,,,,,,,,,,0.27807486631016043,2222.0,1880.0,0.18191489361702118
2015Q2,facebook/react,14.0,,,13.0,0.9285714285714286,1.0,0.07142857142857142,,,,,3.0,,,1.0,0.3333333333333333,1.0,0.3333333333333333,1.0,0.3333333333333333,0.4117647058823529,20751.0,16688.0,0.2434683604985619
2015Q2,pallets/flask,2.0,,,2.0,1.0,,,,,,,,,,,,,,,,0.0,11717.0,11717.0,0.0
2015Q2,phoenixframework/phoenix,5.0,,,5.0,1.0,,,,,,,,,,,,,,,,0.0,2529.0,2207.0,0.14589941096511105
2015Q2,rails/rails,,,,,,,,1.0,0.0625,1.0,0.0625,16.0,5.0,0.3125,,,8.0,0.5,1.0,0.0625,0.0625,23222.0,22240.0,0.04415467625899283
2015Q2,twbs/bootstrap,48.0,4.0,0.08333333333333333,40.0,0.8333333333333334,4.0,0.08333333333333333,,,,,,,,,,,,,,0.1875,64862.0,63202.0,0.026264991614189492
2015Q3,Zulko/moviepy,,,,,,,,,,,,3.0,1.0,0.3333333333333333,1.0,0.3333333333333333,1.0,0.3333333333333333,,,0.3333333333333333,1557.0,1501.0,0.03730846102598262
2015Q3,django/django,57.0,1.0,0.017543859649122806,52.0,0.9122807017543859,4.0,0.07017543859649122,,,,,,,,,,,,,,0.21052631578947367,13993.0,12874.0,0.08691937237843717
2015Q3,ethereum/go-ethereum,,,,,,,,,,,,1.0,,,,,1.0,1.0,,,0.0,2591.0,2591.0,0.0
2015Q3,facebook/react,2.0,,,2.0,1.0,,,,,,,6.0,2.0,0.3333333333333333,1.0,0.16666666666666666,3.0,0.5,,,0.25,25018.0,22092.0,0.13244613434727492
2015Q3,nodejs/nodejs.org,20.0,,,18.0,0.9,2.0,0.1,,,,,,,,,,,,,,0.2,55.0,28.0,0.9642857142857142
2015Q3,phoenixframework/phoenix,25.0,,,25.0,1.0,,,,,,,,,,,,,,,,0.08,3039.0,2800.0,0.08535714285714291
2015Q3,rails/rails,1.0,,,1.0,1.0,,,,,2.0,0.2857142857142857,7.0,2.0,0.2857142857142857,,,3.0,0.42857142857142855,,,0.0,24442.0,23398.0,0.04461919822207028
2015Q3,twbs/bootstrap,14.0,,,12.0,0.8571428571428571,2.0,0.14285714285714285,,,,,,,,,,,,,,0.21428571428571427,67544.0,66363.0,0.017796061058119816
2015Q4,Zulko/moviepy,,,,,,,,,,1.0,0.5,2.0,,,1.0,0.5,,,,,0.0,1683.0,1630.0,0.03251533742331292
2015Q4,django/django,14.0,1.0,0.07142857142857142,13.0,0.9285714285714286,,,,,,,,,,,,,,,,0.0,15244.0,14293.0,0.06653606660603084
2015Q4,ethereum/go-ethereum,2.0,,,2.0,1.0,,,,,,,1.0,,,1.0,1.0,,,,,0.3333333333333333,2656.0,2608.0,0.018404907975460016
2015Q4,facebook/react,2.0,1.0,0.5,1.0,0.5,,,,,1.0,0.2,5.0,1.0,0.2,1.0,0.2,2.0,0.4,,,0.0,28373.0,25172.0,0.1271651040839028
2015Q4,nodejs/nodejs.org,9.0,,,9.0,1.0,,,,,,,,,,,,,,,,0.1111111111111111,100.0,73.0,0.36986301369863006
2015Q4,phoenixframework/phoenix,4.0,,,3.0,0.75,1.0,0.25,,,,,,,,,,,,,,0.5,3822.0,3822.0,0.0
2015Q4,rails/rails,,,,,,,,,,,,8.0,2.0,0.25,,,5.0,0.625,1.0,0.125,0.25,25658.0,24878.0,0.03135300265294627
2015Q4,twbs/bootstrap,13.0,1.0,0.07692307692307693,10.0,0.7692307692307693,2.0,0.15384615384615385,,,,,,,,,,,,,,0.23076923076923078,70322.0,70322.0,0.0
2016Q1,Zulko/moviepy,,,,,,,,1.0,0.16666666666666666,,,6.0,,,2.0,0.3333333333333333,3.0,0.5,,,0.0,1822.0,1772.0,0.028216704288938965
2016Q1,django/django,16.0,1.0,0.0625,14.0,0.875,1.0,0.0625,,,,,,,,,,,,,,0.0625,16351.0,15335.0,0.06625366807955646
2016Q1,ethereum/go-ethereum,15.0,,,15.0,1.0,,,,,,,4.0,,,2.0,0.5,2.0,0.5,,,0.15789473684210525,3217.0,3001.0,0.07197600799733417
2016Q1,facebook/react,51.0,2.0,0.0392156862745098,49.0,0.9607843137254902,,,,,,,5.0,2.0,0.4,,,3.0,0.6,,,0.16071428571428573,34185.0,30404.0,0.12435863702144445
2016Q1,nodejs/nodejs.org,14.0,,,12.0,0.8571428571428571,2.0,0.14285714285714285,,,,,,,,,,,,,,0.14285714285714285,173.0,122.0,0.4180327868852458
2016Q1,pallets/flask,1.0,,,1.0,1.0,,,,,,,,,,,,,,,,0.0,16070.0,16070.0,0.0
2016Q1,phoenixframework/phoenix,13.0,,,13.0,1.0,,,,,,,,,,,,,,,,0.23076923076923078,4932.0,4579.0,0.07709106791875953
2016Q1,rails/rails,,,,,,,,2.0,0.07142857142857142,2.0,0.07142857142857142,28.0,4.0,0.14285714285714285,3.0,0.10714285714285714,13.0,0.4642857142857143,4.0,0.14285714285714285,0.14285714285714285,26478.0,25685.0,0.03087405100253071
2016Q2,Zulko/moviepy,,,,,,,,,,,,3.0,,,,,3.0,1.0,,,0.0,1977.0,1880.0,0.05159574468085104
2016Q2,django/django,29.0,2.0,0.06896551724137931,26.0,0.896551724137931,1.0,0.034482758620689655,,,,,,,,,,,,,,0.13793103448275862,17637.0,16519.0,0.06767964162479578
2016Q2,facebook/react,30.0,,,26.0,0.8666666666666667,4.0,0.13333333333333333,1.0,0.14285714285714285,,,7.0,4.0,0.5714285714285714,1.0,0.14285714285714285,1.0,0.14285714285714285,,,0.13513513513513514,39416.0,34783.0,0.13319725153092032
2016Q2,nodejs/nodejs.org,5.0,,,3.0,0.6,2.0,0.4,,,,,,,,,,,,,,0.6,210.0,180.0,0.16666666666666674
2016Q2,pallets/flask,1.0,,,1.0,1.0,,,,,,,,,,,,,,,,0.0,18133.0,18133.0,0.0
2016Q2,phoenixframework/phoenix,5.0,,,5.0,1.0,,,,,,,,,,,,,,,,0.0,5934.0,5483.0,0.08225424037935447
2016Q2,rails/rails,,,,,,,,2.0,0.10526315789473684,1.0,0.05263157894736842,19.0,3.0,0.15789473684210525,,,13.0,0.6842105263157895,,,0.3157894736842105,28064.0,26918.0,0.04257374247715284
2016Q2,zzzprojects/System.Linq.Dynamic.Core,87.0,,,85.0,0.9770114942528736,2.0,0.022988505747126436,,,,,,,,,,,,,,0.1839080459770115,16.0,0.0,0.0
2016Q3,Zulko/moviepy,,,,,,,,,,,,2.0,,,2.0,1.0,,,,,1.0,2025.0,2023.0,0.000988630746416197
2016Q3,django/django,15.0,,,13.0,0.8666666666666667,2.0,0.13333333333333333,,,,,,,,,,,,,,0.2,19075.0,17959.0,0.062141544629433776
2016Q3,ethereum/go-ethereum,,,,,,,,,,,,1.0,,,,,1.0,1.0,,,0.0,3712.0,3712.0,0.0
2016Q3,facebook/react,14.0,,,12.0,0.8571428571428571,2.0,0.14285714285714285,,,,,10.0,3.0,0.3,2.0,0.2,5.0,0.5,,,0.16666666666666666,45157.0,39466.0,0.1442000709471445
2016Q3,nodejs/nodejs.org,2.0,,,2.0,1.0,,,,,,,,,,,,,,,,0.0,253.0,231.0,0.09523809523809534
2016Q3,pallets/flask,4.0,,,4.0,1.0,,,,,,,,,,,,,,,,0.25,19861.0,19569.0,0.014921559609586632
2016Q3,rails/rails,17.0,,,15.0,0.8823529411764706,2.0,0.11764705882352941,1.0,0.07692307692307693,,,13.0,1.0,0.07692307692307693,1.0,0.07692307692307693,8.0,0.6153846153846154,2.0,0.15384615384615385,0.43333333333333335,29378.0,28218.0,0.04110851229711532
2016Q3,zzzprojects/System.Linq.Dynamic.Core,4.0,,,3.0,0.75,1.0,0.25,,,,,,,,,,,,,,0.5,37.0,20.0,0.8500000000000001
2016Q4,Zulko/moviepy,,,,,,,,,,,,5.0,1.0,0.2,,,4.0,0.8,,,0.0,2204.0,2122.0,0.03864278982092362
2016Q4,django/django,51.0,1.0,0.0196078431372549,48.0,0.9411764705882353,2.0,0.0392156862745098,,,,,,,,,,,,,,0.23529411764705882,20475.0,19171.0,0.0680194043085911
2016Q4,ethereum/go-ethereum,2.0,,,2.0,1.0,,,,,,,,,,,,,,,,0.0,4382.0,4382.0,0.0
2016Q4,facebook/react,40.0,,,26.0,0.65,14.0,0.35,,,,,20.0,5.0,0.25,1.0,0.05,10.0,0.5,4.0,0.2,0.13333333333333333,50482.0,45734.0,0.1038177286045392
2016Q4,phoenixframework/phoenix,8.0,1.0,0.125,7.0,0.875,,,,,,,,,,,,,,,,0.125,7653.0,7497.0,0.02080832332933169
2016Q4,rails/rails,,,,,,,,1.0,0.058823529411764705,2.0,0.11764705882352941,17.0,3.0,0.17647058823529413,,,10.0,0.5882352941176471,1.0,0.058823529411764705,0.11764705882352941,30449.0,29465.0,0.03339555404717465
2016Q4,twbs/bootstrap,30.0,2.0,0.06666666666666667,24.0,0.8,4.0,0.13333333333333333,,,,,,,,,,,,,,0.2,82709.0,81943.0,0.009347961387794035
2016Q4,zzzprojects/System.Linq.Dynamic.Core,1128.0,28.0,0.024822695035460994,1038.0,0.9202127659574468,62.0,0.0549645390070922,,,,,,,,,,,,,,0.18085106382978725,50.0,44.0,0.13636363636363646
2017Q1,Zulko/moviepy,11.0,,,9.0,0.8181818181818182,2.0,0.18181818181818182,2.0,0.08695652173913043,,,23.0,6.0,0.2608695652173913,1.0,0.043478260869565216,12.0,0.5217391304347826,2.0,0.08695652173913043,0.14705882352941177,2405.0,2240.0,0.07366071428571419
2017Q1,django/django,76.0,5.0,0.06578947368421052,68.0,0.8947368421052632,3.0,0.039473684210526314,,,,,,,,,,,,,,0.23684210526315788,22038.0,20570.0,0.07136606708799231
2017Q1,ethereum/go-ethereum,3.0,,,3.0,1.0,,,,,,,,,,,,,,,,0.0,4646.0,4646.0,0.0
2017Q1,facebook/react,14.0,,,13.0,0.9285714285714286,1.0,0.07142857142857142,,,1.0,0.125,8.0,5.0,0.625,,,2.0,0.25,,,0.22727272727272727,56834.0,51252.0,0.10891282291422777
2017Q1,nodejs/nodejs.org,3.0,1.0,0.3333333333333333,2.0,0.6666666666666666,,,,,,,,,,,,,,,,0.0,363.0,351.0,0.03418803418803429
2017Q1,rails/rails,,,,,,,,,,2.0,0.15384615384615385,13.0,5.0,0.38461538461538464,2.0,0.15384615384615385,4.0,0.3076923076923077,,,0.38461538461538464,31655.0,30621.0,0.033767675778060724
2017Q1,zzzprojects/System.Linq.Dynamic.Core,4.0,,,4.0,1.0,,,,,,,,,,,,,,,,0.25,74.0,74.0,0.0
2017Q2,Zulko/moviepy,41.0,2.0,0.04878048780487805,38.0,0.926829268292683,1.0,0.024390243902439025,1.0,0.1,,,10.0,3.0,0.3,1.0,0.1,4.0,0.4,1.0,0.1,0.11764705882352941,2466.0,2415.0,0.02111801242236022
2017Q2,django/django,14.0,,,12.0,0.8571428571428571,2.0,0.14285714285714285,,,,,,,,,,,,,,0.0,23825.0,22653.0,0.05173707676687411
2017Q2,elnormous/HTTPRequest,3.0,,,3.0,1.0,,,,,,,,,,,,,,,,0.6666666666666666,0.0,0.0,0.0
2017Q2,facebook/react,75.0,3.0,0.04,69.0,0.92,3.0,0.04,4.0,0.4,,,10.0,2.0,0.2,,,4.0,0.4,,,0.2823529411764706,62095.0,57026.0,0.08888927857468532
2017Q2,pallets/flask,258.0,21.0,0.08139534883720931,223.0,0.8643410852713178,14.0,0.05426356589147287,,,,,,,,,,,,,,0.16666666666666666,25195.0,23847.0,0.05652702646035146
2017Q2,phoenixframework/phoenix,80.0,2.0,0.025,74.0,0.925,4.0,0.05,,,,,,,,,,,,,,0.1625,8874.0,8539.0,0.039231760159269324
2017Q2,rails/rails,,,,,,,,,,2.0,0.2,10.0,,,,,8.0,0.8,,,0.0,32738.0,31839.0,0.02823581142623821
2017Q2,twbs/bootstrap,2.0,,,2.0,1.0,,,,,,,,,,,,,,,,0.0,87466.0,87466.0,0.0
2017Q2,zzzprojects/System.Linq.Dynamic.Core,5.0,,,5.0,1.0,,,,,,,,,,,,,,,,0.2,97.0,94.0,0.03191489361702127
2017Q3,Zulko/moviepy,2.0,,,1.0,0.5,1.0,0.5,,,,,4.0,1.0,0.25,,,2.0,0.5,1.0,0.25,0.0,2705.0,2635.0,0.026565464895635715
2017Q3,django/django,21.0,1.0,0.047619047619047616,19.0,0.9047619047619048,1.0,0.047619047619047616,,,,,5.0,3.0,0.6,,,2.0,0.4,,,0.19230769230769232,25713.0,24065.0,0.0684811967587784
2017Q3,ethereum/go-ethereum,12.0,,,11.0,0.9166666666666666,1.0,0.08333333333333333,,,,,5.0,,,1.0,0.2,4.0,0.8,,,0.11764705882352941,6626.0,5235.0,0.26571155682903536
2017Q3,facebook/react,52.0,3.0,0.057692307692307696,42.0,0.8076923076923077,7.0,0.1346153846153846,,,,,13.0,4.0,0.3076923076923077,,,7.0,0.5384615384615384,2.0,0.15384615384615385,0.1076923076923077,68511.0,62737.0,0.09203500326760916
2017Q3,nodejs/nodejs.org,18.0,,,17.0,0.9444444444444444,1.0,0.05555555555555555,,,,,,,,,,,,,,0.4444444444444444,473.0,473.0,0.0
2017Q3,pallets/flask,14.0,,,13.0,0.9285714285714286,1.0,0.07142857142857142,,,,,,,,,,,,,,0.0,27090.0,25574.0,0.059278955188863725
2017Q3,phoenixframework/phoenix,10.0,,,10.0,1.0,,,,,,,,,,,,,,,,0.1,9224.0,9146.0,0.008528318390553347
2017Q3,rails/rails,,,,,,,,,,,,9.0,2.0,0.2222222222222222,2.0,0.2222222222222222,4.0,0.4444444444444444,1.0,0.1111111111111111,0.2222222222222222,33561.0,32867.0,0.021115404509082003
2017Q3,twbs/bootstrap,302.0,11.0,0.03642384105960265,265.0,0.8774834437086093,26.0,0.08609271523178808,,,1.0,0.3333333333333333,3.0,1.0,0.3333333333333333,1.0,0.3333333333333333,,,,,0.2,91457.0,88679.0,0.031326469626405284
2017Q3,zzzprojects/System.Linq.Dynamic.Core,19.0,,,18.0,0.9473684210526315,1.0,0.05263157894736842,,,,,,,,,,,,,,0.10526315789473684,110.0,110.0,0.0
2017Q4,Zulko/moviepy,,,,,,,,,,,,5.0,,,1.0,0.2,4.0,0.8,,,0.0,2918.0,2866.0,0.018143754361479303
2017Q4,django/django,22.0,1.0,0.045454545454545456,20.0,0.9090909090909091,1.0,0.045454545454545456,,,,,2.0,1.0,0.5,,,1.0,0.5,,,0.16666666666666666,27673.0,25817.0,0.07189061471123681
2017Q4,ethereum/go-ethereum,59.0,,,57.0,0.9661016949152542,2.0,0.03389830508474576,,,,,1.0,,,,,1.0,1.0,,,0.2,9262.0,6957.0,0.33132097168319685
2017Q4,facebook/react,55.0,1.0,0.01818181818181818,48.0,0.8727272727272727,6.0,0.10909090909090909,1.0,0.02040816326530612,5.0,0.10204081632653061,49.0,10.0,0.20408163265306123,4.0,0.08163265306122448,28.0,0.5714285714285714,1.0,0.02040816326530612,0.125,74478.0,68703.0,0.08405746473953113
2017Q4,pallets/flask,2.0,,,,,2.0,1.0,,,,,,,,,,,,,,0.0,27340.0,27340.0,0.0
2017Q4,phoenixframework/phoenix,1192.0,47.0,0.03942953020134228,1032.0,0.8657718120805369,113.0,0.09479865771812081,,,,,,,,,,,,,,0.27768456375838924,9663.0,9663.0,0.0
2017Q4,rails/rails,6.0,1.0,0.16666666666666666,5.0,0.8333333333333334,,,,,3.0,0.3,10.0,3.0,0.3,,,4.0,0.4,,,0.0,34655.0,34067.0,0.01726010508703446
2017Q4,spacejam/sled,6.0,,,6.0,1.0,,,,,,,,,,,,,,,,0.16666666666666666,567.0,567.0,0.0
2017Q4,twbs/bootstrap,15.0,3.0,0.2,9.0,0.6,3.0,0.2,,,,,3.0,1.0,0.3333333333333333,,,2.0,0.6666666666666666,,,0.16666666666666666,93341.0,91617.0,0.018817468373773405
2017Q4,zzzprojects/System.Linq.Dynamic.Core,20.0,,,19.0,0.95,1.0,0.05,,,,,,,,,,,,,,0.25,133.0,131.0,0.01526717557251911
2018Q1,Zulko/moviepy,21.0,1.0,0.047619047619047616,17.0,0.8095238095238095,3.0,0.14285714285714285,1.0,0.07692307692307693,,,13.0,,,2.0,0.15384615384615385,6.0,0.46153846153846156,4.0,0.3076923076923077,0.14705882352941177,4288.0,3013.0,0.4231662794556921
2018Q1,django/django,7.0,,,7.0,1.0,,,,,,,,,,,,,,,,0.14285714285714285,29479.0,29144.0,0.011494647268734504
2018Q1,ethereum/go-ethereum,,,,,,,,,,,,1.0,,,,,1.0,1.0,,,0.0,10573.0,10573.0,0.0
2018Q1,facebook/react,14.0,2.0,0.14285714285714285,10.0,0.7142857142857143,2.0,0.14285714285714285,2.0,0.0625,,,32.0,12.0,0.375,,,16.0,0.5,2.0,0.0625,0.17391304347826086,80252.0,74606.0,0.07567755944562093
2018Q1,pallets/flask,54.0,1.0,0.018518518518518517,52.0,0.9629629629629629,1.0,0.018518518518518517,,,,,,,,,,,,,,0.1111111111111111,30384.0,29134.0,0.04290519667742165
2018Q1,phoenixframework/phoenix,31.0,1.0,0.03225806451612903,30.0,0.967741935483871,,,,,,,,,,,,,,,,0.25806451612903225,10620.0,10589.0,0.002927566342430854
2018Q1,rails/rails,1.0,,,1.0,1.0,,,1.0,0.06666666666666667,1.0,0.06666666666666667,15.0,4.0,0.26666666666666666,1.0,0.06666666666666667,8.0,0.5333333333333333,,,0.125,35926.0,35016.0,0.025988119716700897
2018Q1,spacejam/sled,,,,,,,,,,,,1.0,,,,,1.0,1.0,,,0.0,759.0,759.0,0.0
2018Q1,twbs/bootstrap,119.0,5.0,0.04201680672268908,103.0,0.865546218487395,11.0,0.09243697478991597,,,,,1.0,,,,,,,1.0,1.0,0.15833333333333333,97299.0,94713.0,0.027303538057077636
2018Q1,zzzprojects/System.Linq.Dynamic.Core,,,,,,,,,,,,1.0,,,,,1.0,1.0,,,0.0,182.0,182.0,0.0
2018Q2,Zulko/moviepy,,,,,,,,,,,,10.0,1.0,0.1,1.0,0.1,7.0,0.7,1.0,0.1,0.1,4726.0,4504.0,0.04928952042628776
2018Q2,django/django,7.0,,,6.0,0.8571428571428571,1.0,0.14285714285714285,,,,,2.0,1.0,0.5,,,1.0,0.5,,,0.2222222222222222,31597.0,30626.0,0.03170508718082665
2018Q2,ethereum/go-ethereum,,,,,,,,,,,,3.0,1.0,0.3333333333333333,,,2.0,0.6666666666666666,,,0.3333333333333333,16441.0,16249.0,0.011816111760723835
2018Q2,facebook/react,21.0,,,20.0,0.9523809523809523,1.0,0.047619047619047616,,,2.0,0.1111111111111111,18.0,1.0,0.05555555555555555,2.0,0.1111111111111111,12.0,0.6666666666666666,1.0,0.05555555555555555,0.20512820512820512,85706.0,80445.0,0.06539871962210198
2018Q2,nodejs/nodejs.org,2.0,,,1.0,0.5,1.0,0.5,,,,,,,,,,,,,,0.0,695.0,694.0,0.0014409221902016434
2018Q2,pallets/flask,147.0,2.0,0.013605442176870748,136.0,0.9251700680272109,9.0,0.061224489795918366,,,,,,,,,,,,,,0.23809523809523808,33694.0,31539.0,0.06832810171533654
2018Q2,phoenixframework/phoenix,3.0,,,2.0,0.6666666666666666,1.0,0.3333333333333333,,,,,,,,,,,,,,0.0,11112.0,10823.0,0.026702393051833972
2018Q2,rails/rails,,,,,,,,2.0,0.18181818181818182,1.0,0.09090909090909091,11.0,4.0,0.36363636363636365,,,4.0,0.36363636363636365,,,0.0,36625.0,35996.0,0.017474163795977438
2018Q2,spacejam/sled,,,,,,,,,,,,3.0,1.0,0.3333333333333333,2.0,0.6666666666666666,,,,,0.3333333333333333,913.0,911.0,0.002195389681668436
2018Q2,twbs/bootstrap,3.0,1.0,0.3333333333333333,2.0,0.6666666666666666,,,,,,,1.0,,,,,1.0,1.0,,,0.5,100109.0,97587.0,0.02584360621804138
2018Q2,zzzprojects/System.Linq.Dynamic.Core,1.0,,,1.0,1.0,,,,,,,,,,,,,,,,0.0,199.0,199.0,0.0
2018Q3,Zulko/moviepy,,,,,,,,,,1.0,0.25,4.0,1.0,0.25,,,2.0,0.5,,,0.25,4924.0,4774.0,0.03142019271051533
2018Q3,django/django,9.0,,,9.0,1.0,,,,,,,,,,,,,,,,0.2222222222222222,33596.0,32050.0,0.04823712948517933
2018Q3,ethereum/go-ethereum,,,,,,,,,,,,7.0,,,1.0,0.14285714285714285,5.0,0.7142857142857143,1.0,0.14285714285714285,0.0,18486.0,17499.0,0.05640322304131673
2018Q3,facebook/react,26.0,,,22.0,0.8461538461538461,4.0,0.15384615384615385,,,3.0,0.08108108108108109,37.0,9.0,0.24324324324324326,4.0,0.10810810810810811,17.0,0.4594594594594595,4.0,0.10810810810810811,0.25396825396825395,91865.0,86347.0,0.06390494168876737
2018Q3,hotwired/turbo,5.0,,,5.0,1.0,,,,,,,,,,,,,,,,0.0,0.0,0.0,0.0
2018Q3,nodejs/nodejs.org,1.0,,,1.0,1.0,,,,,,,,,,,,,,,,0.0,710.0,710.0,0.0
2018Q3,phoenixframework/phoenix,1.0,,,1.0,1.0,,,,,,,,,,,,,,,,0.0,11296.0,11296.0,0.0
2018Q3,rails/rails,,,,,,,,,,,,7.0,,,,,7.0,1.0,,,0.0,37740.0,37068.0,0.01812884428617667
2018Q3,spacejam/sled,,,,,,,,,,,,4.0,3.0,0.75,,,1.0,0.25,,,0.5,1142.0,1091.0,0.04674610449129246
2018Q3,twbs/bootstrap,5.0,,,5.0,1.0,,,,,,,2.0,,,,,2.0,1.0,,,0.0,102152.0,101003.0,0.011375899725750704
2018Q3,vuejs/core,9.0,,,5.0,0.5555555555555556,4.0,0.4444444444444444,,,,,,,,,,,,,,0.0,0.0,0.0,0.0
2018Q3,zzzprojects/System.Linq.Dynamic.Core,1.0,,,1.0,1.0,,,,,,,1.0,1.0,1.0,,,,,,,0.0,256.0,254.0,0.007874015748031482
2018Q4,Zulko/moviepy,13.0,1.0,0.07692307692307693,11.0,0.8461538461538461,1.0,0.07692307692307693,,,1.0,0.1,10.0,2.0,0.2,,,6.0,0.6,1.0,0.1,0.13043478260869565,5096.0,4948.0,0.029911075181891622
2018Q4,django/django,8.0,1.0,0.125,7.0,0.875,,,,,,,1.0,,,,,,,1.0,1.0,0.2222222222222222,35581.0,33917.0,0.049060942889996184
2018Q4,ethereum/go-ethereum,,,,,,,,1.0,0.125,,,8.0,2.0,0.25,,,5.0,0.625,,,0.0,19770.0,19188.0,0.030331457160725384
2018Q4,facebook/react,19.0,,,14.0,0.7368421052631579,5.0,0.2631578947368421,1.0,0.03125,8.0,0.25,32.0,3.0,0.09375,3.0,0.09375,16.0,0.5,1.0,0.03125,0.23529411764705882,97447.0,92057.0,0.05855068055661161
2018Q4,pallets/flask,3.0,1.0,0.3333333333333333,2.0,0.6666666666666666,,,,,,,,,,,,,,,,0.3333333333333333,36915.0,36716.0,0.005419980390020784
2018Q4,rails/rails,7.0,1.0,0.14285714285714285,6.0,0.8571428571428571,,,,,1.0,0.05555555555555555,18.0,3.0,0.16666666666666666,,,12.0,0.6666666666666666,2.0,0.1111111111111111,0.16,38898.0,38051.0,0.022259598959291527
2018Q4,spacejam/sled,,,,,,,,,,,,9.0,,,4.0,0.4444444444444444,3.0,0.3333333333333333,2.0,0.2222222222222222,0.3333333333333333,1533.0,1397.0,0.09735146743020762
2018Q4,twbs/bootstrap,8.0,,,8.0,1.0,,,,,1.0,0.07692307692307693,13.0,4.0,0.3076923076923077,2.0,0.15384615384615385,4.0,0.3076923076923077,2.0,0.15384615384615385,0.2857142857142857,105632.0,103589.0,0.01972217127301157
2018Q4,zzzprojects/System.Linq.Dynamic.Core,2.0,,,2.0,1.0,,,,,,,,,,,,,,,,0.0,302.0,302.0,0.0
2019Q1,Zulko/moviepy,,,,,,,,,,1.0,0.1,10.0,2.0,0.2,2.0,0.2,4.0,0.4,1.0,0.1,0.1,5307.0,5197.0,0.02116605734077348
2019Q1,django/django,13.0,,,13.0,1.0,,,,,,,6.0,1.0,0.16666666666666666,,,4.0,0.6666666666666666,1.0,0.16666666666666666,0.15789473684210525,37333.0,35688.0,0.046093925128894764
2019Q1,ethereum/go-ethereum,1.0,,,,,1.0,1.0,,,2.0,0.0425531914893617,47.0,6.0,0.1276595744680851,2.0,0.0425531914893617,34.0,0.723404255319149,3.0,0.06382978723404255,0.14583333333333334,21121.0,20105.0,0.05053469286247192
2019Q1,facebook/react,19.0,1.0,0.05263157894736842,14.0,0.7368421052631579,4.0,0.21052631578947367,3.0,0.06382978723404255,1.0,0.02127659574468085,47.0,11.0,0.23404255319148937,2.0,0.0425531914893617,24.0,0.5106382978723404,6.0,0.1276595744680851,0.18181818181818182,103670.0,98281.0,0.05483257191115265
2019Q1,hotwired/turbo,1.0,,,1.0,1.0,,,,,,,,,,,,,,,,0.0,0.0,0.0,0.0
2019Q1,nodejs/nodejs.org,10.0,,,8.0,0.8,2.0,0.2,,,,,,,,,,,,,,0.0,903.0,871.0,0.036739380022962065
2019Q1,pallets/flask,7.0,,,7.0,1.0,,,,,,,,,,,,,,,,0.14285714285714285,38129.0,38084.0,0.0011815985715786237
2019Q1,phoenixframework/phoenix,7.0,,,6.0,0.8571428571428571,1.0,0.14285714285714285,,,,,,,,,,,,,,0.0,12705.0,12705.0,0.0
2019Q1,rails/rails,1.0,,,1.0,1.0,,,,,,,7.0,,,,,5.0,0.7142857142857143,2.0,0.2857142857142857,0.25,39976.0,39252.0,0.01844492000407616
2019Q1,spacejam/sled,,,,,,,,,,,,5.0,1.0,0.2,2.0,0.4,1.0,0.2,1.0,0.2,0.2,1692.0,1669.0,0.013780707010185633
2019Q1,twbs/bootstrap,18.0,2.0,0.1111111111111111,14.0,0.7777777777777778,2.0,0.1111111111111111,,,1.0,0.07692307692307693,13.0,,,2.0,0.15384615384615385,9.0,0.6923076923076923,1.0,0.07692307692307693,0.0967741935483871,108953.0,106175.0,0.026164351306804834
2019Q1,zzzprojects/System.Linq.Dynamic.Core,14.0,1.0,0.07142857142857142,13.0,0.9285714285714286,,,,,,,,,,,,,,,,0.0,381.0,349.0,0.09169054441260749
2019Q2,Zulko/moviepy,12.0,,,9.0,0.75,3.0,0.25,,,,,7.0,1.0,0.14285714285714285,1.0,0.14285714285714285,5.0,0.7142857142857143,,,0.10526315789473684,5492.0,5311.0,0.03408021088307289
2019Q2,django/django,9.0,1.0,0.1111111111111111,8.0,0.8888888888888888,,,,,,,,,,,,,,,,0.2222222222222222,39439.0,38592.0,0.021947553897180727
2019Q2,ethereum/go-ethereum,35.0,5.0,0.14285714285714285,24.0,0.6857142857142857,6.0,0.17142857142857143,1.0,0.09090909090909091,,,11.0,,,2.0,0.18181818181818182,8.0,0.7272727272727273,,,0.08695652173913043,21903.0,21311.0,0.027779081225658198
2019Q2,facebook/react,82.0,6.0,0.07317073170731707,67.0,0.8170731707317073,9.0,0.10975609756097561,,,,,25.0,6.0,0.24,4.0,0.16,14.0,0.56,1.0,0.04,0.16822429906542055,109316.0,103734.0,0.05381070815740263
2019Q2,nodejs/nodejs.org,1.0,1.0,1.0,,,,,,,,,,,,,,,,,,0.0,985.0,985.0,0.0
2019Q2,pallets/flask,41.0,2.0,0.04878048780487805,37.0,0.9024390243902439,2.0,0.04878048780487805,,,,,,,,,,,,,,0.0975609756097561,41207.0,40476.0,0.018060084988635206
2019Q2,rails/rails,1.0,,,1.0,1.0,,,,,1.0,0.16666666666666666,6.0,,,,,5.0,0.8333333333333334,,,0.0,40568.0,40017.0,0.01376914811205232
2019Q2,twbs/bootstrap,1.0,,,1.0,1.0,,,,,,,24.0,9.0,0.375,4.0,0.16666666666666666,7.0,0.2916666666666667,4.0,0.16666666666666666,0.12,111251.0,109016.0,0.02050157775005501
2019Q3,Zulko/moviepy,,,,,,,,,,,,8.0,2.0,0.25,,,6.0,0.75,,,0.125,5688.0,5546.0,0.025604038946988927
2019Q3,django/django,4.0,,,4.0,1.0,,,,,,,,,,,,,,,,0.25,40640.0,39700.0,0.023677581863979835
2019Q3,ethereum/go-ethereum,2.0,,,2.0,1.0,,,,,,,13.0,1.0,0.07692307692307693,1.0,0.07692307692307693,11.0,0.8461538461538461,,,0.2,22634.0,22018.0,0.027977109637569164
2019Q3,facebook/react,82.0,4.0,0.04878048780487805,67.0,0.8170731707317073,11.0,0.13414634146341464,1.0,0.037037037037037035,1.0,0.037037037037037035,27.0,3.0,0.1111111111111111,1.0,0.037037037037037035,19.0,0.7037037037037037,2.0,0.07407407407407407,0.1559633027522936,115411.0,109573.0,0.0532795487939548
2019Q3,nodejs/nodejs.org,22.0,,,19.0,0.8636363636363636,3.0,0.13636363636363635,,,,,,,,,,,,,,0.045454545454545456,1205.0,1081.0,0.11470860314523579
2019Q3,rails/rails,,,,,,,,,,,,11.0,4.0,0.36363636363636365,1.0,0.09090909090909091,6.0,0.5454545454545454,,,0.09090909090909091,41379.0,40763.0,0.015111743492873364
2019Q3,spacejam/sled,,,,,,,,,,,,13.0,3.0,0.23076923076923078,,,10.0,0.7692307692307693,,,0.23076923076923078,2149.0,1993.0,0.07827395885599597
2019Q3,twbs/bootstrap,11.0,2.0,0.18181818181818182,9.0,0.8181818181818182,,,,,,,20.0,6.0,0.3,3.0,0.15,8.0,0.4,3.0,0.15,0.2903225806451613,114795.0,112017.0,0.0247998071721256
2019Q3,vuejs/core,3.0,,,2.0,0.6666666666666666,1.0,0.3333333333333333,,,,,,,,,,,,,,0.3333333333333333,4925.0,4748.0,0.0372788542544229
2019Q3,zzzprojects/System.Linq.Dynamic.Core,8.0,,,8.0,1.0,,,,,,,9.0,1.0,0.1111111111111111,,,7.0,0.7777777777777778,1.0,0.1111111111111111,0.058823529411764705,507.0,458.0,0.10698689956331875
2019Q4,Zulko/moviepy,,,,,,,,1.0,0.25,,,4.0,1.0,0.25,,,1.0,0.25,1.0,0.25,0.0,5747.0,5718.0,0.005071703392794724
2019Q4,django/django,8.0,,,6.0,0.75,2.0,0.25,,,,,,,,,,,,,,0.25,42788.0,41469.0,0.031806891895150624
2019Q4,elnormous/HTTPRequest,,,,,,,,,,,,1.0,,,,,1.0,1.0,,,1.0,112.0,112.0,0.0
2019Q4,ethereum/go-ethereum,1087.0,75.0,0.06899724011039558,937.0,0.8620055197792088,75.0,0.06899724011039558,,,,,15.0,4.0,0.26666666666666666,2.0,0.13333333333333333,8.0,0.5333333333333333,1.0,0.06666666666666667,0.1896551724137931,23275.0,22683.0,0.02609884054137468
2019Q4,facebook/react,20.0,,,18.0,0.9,2.0,0.1,1.0,0.03225806451612903,3.0,0.0967741935483871,31.0,6.0,0.1935483870967742,2.0,0.06451612903225806,18.0,0.5806451612903226,1.0,0.03225806451612903,0.19607843137254902,120929.0,115476.0,0.04722193356195237
2019Q4,nodejs/nodejs.org,9.0,,,7.0,0.7777777777777778,2.0,0.2222222222222222,,,,,7.0,3.0,0.42857142857142855,1.0,0.14285714285714285,3.0,0.42857142857142855,,,0.0625,1272.0,1207.0,0.05385252692626352
2019Q4,pallets/flask,4.0,,,4.0,1.0,,,,,,,,,,,,,,,,0.25,43373.0,43373.0,0.0
2019Q4,rails/rails,83.0,6.0,0.07228915662650602,74.0,0.891566265060241,3.0,0.03614457831325301,,,,,20.0,4.0,0.2,1.0,0.05,15.0,0.75,,,0.21359223300970873,42182.0,41485.0,0.016801253465107857
2019Q4,spacejam/sled,1.0,,,1.0,1.0,,,,,,,8.0,,,4.0,0.5,2.0,0.25,2.0,0.25,0.1111111111111111,2383.0,2193.0,0.08663930688554489
2019Q4,twbs/bootstrap,,,,,,,,2.0,0.14285714285714285,1.0,0.07142857142857142,14.0,4.0,0.2857142857142857,,,7.0,0.5,,,0.14285714285714285,117541.0,114859.0,0.023350368712943714
2019Q4,vuejs/core,2.0,,,2.0,1.0,,,,,,,2.0,,,,,1.0,0.5,1.0,0.5,0.0,7091.0,5710.0,0.24185639229422073
2019Q4,zzzprojects/System.Linq.Dynamic.Core,3.0,,,3.0,1.0,,,,,,,3.0,,,2.0,0.6666666666666666,1.0,0.3333333333333333,,,0.3333333333333333,555.0,526.0,0.05513307984790883
2020Q1,Zulko/moviepy,54.0,2.0,0.037037037037037035,50.0,0.9259259259259259,2.0,0.037037037037037035,1.0,0.0625,2.0,0.125,16.0,6.0,0.375,,,7.0,0.4375,,,0.08571428571428572,6123.0,5950.0,0.029075630252100915
2020Q1,django/django,23.0,,,21.0,0.9130434782608695,2.0,0.08695652173913043,,,,,,,,,,,,,,0.17391304347826086,45041.0,43553.0,0.034165269901040185
2020Q1,ethereum/go-ethereum,1.0,,,1.0,1.0,,,1.0,0.043478260869565216,1.0,0.043478260869565216,23.0,3.0,0.13043478260869565,3.0,0.13043478260869565,14.0,0.6086956521739131,1.0,0.043478260869565216,0.125,24075.0,23496.0,0.024642492339121524
2020Q1,facebook/react,43.0,1.0,0.023255813953488372,37.0,0.8604651162790697,5.0,0.11627906976744186,1.0,0.023255813953488372,3.0,0.06976744186046512,43.0,13.0,0.3023255813953488,,,25.0,0.5813953488372093,1.0,0.023255813953488372,0.18604651162790697,127153.0,121507.0,0.046466458722542736
2020Q1,nodejs/nodejs.org,3.0,,,3.0,1.0,,,,,,,,,,,,,,,,0.3333333333333333,1297.0,1276.0,0.016457680250783646
2020Q1,pallets/flask,2.0,,,2.0,1.0,,,,,,,,,,,,,,,,0.5,44921.0,44505.0,0.009347264352320028
2020Q1,phoenixframework/phoenix,4.0,,,3.0,0.75,1.0,0.25,,,,,,,,,,,,,,0.0,14384.0,14371.0,0.0009045995407417351
2020Q1,rails/rails,3.0,,,3.0,1.0,,,,,,,14.0,1.0,0.07142857142857142,1.0,0.07142857142857142,11.0,0.7857142857142857,1.0,0.07142857142857142,0.11764705882352941,42920.0,42263.0,0.015545512623334812
2020Q1,spacejam/sled,,,,,,,,,,2.0,0.09090909090909091,22.0,6.0,0.2727272727272727,3.0,0.13636363636363635,10.0,0.45454545454545453,1.0,0.045454545454545456,0.45454545454545453,2828.0,2427.0,0.1652245570663371
2020Q1,twbs/bootstrap,1.0,,,1.0,1.0,,,1.0,0.058823529411764705,1.0,0.058823529411764705,17.0,5.0,0.29411764705882354,1.0,0.058823529411764705,9.0,0.5294117647058824,,,0.3888888888888889,120542.0,117764.0,0.02358955198532664
2020Q1,vuejs/core,1.0,,,,,1.0,1.0,,,,,6.0,2.0,0.3333333333333333,1.0,0.16666666666666666,3.0,0.5,,,0.14285714285714285,9883.0,7797.0,0.2675387969731948
2020Q1,zzzprojects/System.Linq.Dynamic.Core,57.0,3.0,0.05263157894736842,53.0,0.9298245614035088,1.0,0.017543859649122806,,,,,1.0,,,,,1.0,1.0,,,0.1896551724137931,621.0,576.0,0.078125
2020Q2,Zulko/moviepy,28.0,2.0,0.07142857142857142,24.0,0.8571428571428571,2.0,0.07142857142857142,,,1.0,0.034482758620689655,29.0,5.0,0.1724137931034483,1.0,0.034482758620689655,20.0,0.6896551724137931,2.0,0.06896551724137931,0.2982456140350877,6365.0,6139.0,0.03681381332464562
2020Q2,bigskysoftware/htmx,151.0,7.0,0.046357615894039736,126.0,0.8344370860927153,18.0,0.11920529801324503,,,,,4.0,2.0,0.5,1.0,0.25,1.0,0.25,,,0.2064516129032258,408.0,0.0,0.0
2020Q2,django/django,14.0,2.0,0.14285714285714285,12.0,0.8571428571428571,,,,,,,3.0,1.0,0.3333333333333333,1.0,0.3333333333333333,,,1.0,0.3333333333333333,0.11764705882352941,46721.0,45466.0,0.027603044032903812
2020Q2,elnormous/HTTPRequest,,,,,,,,,,,,2.0,2.0,1.0,,,,,,,0.0,197.0,167.0,0.17964071856287434
2020Q2,ethereum/go-ethereum,,,,,,,,,,,,8.0,2.0,0.25,,,6.0,0.75,,,0.125,24825.0,24299.0,0.02164698135725751
2020Q2,facebook/react,61.0,3.0,0.04918032786885246,48.0,0.7868852459016393,10.0,0.16393442622950818,2.0,0.044444444444444446,1.0,0.022222222222222223,45.0,4.0,0.08888888888888889,4.0,0.08888888888888889,32.0,0.7111111111111111,2.0,0.044444444444444446,0.2169811320754717,132863.0,127217.0,0.04438086104844485
2020Q2,pallets/flask,87.0,5.0,0.05747126436781609,76.0,0.8735632183908046,6.0,0.06896551724137931,,,,,,,,,,,,,,0.05747126436781609,45323.0,45265.0,0.0012813432011486992
2020Q2,phoenixframework/phoenix,3.0,,,3.0,1.0,,,,,,,,,,,,,,,,0.0,14583.0,14583.0,0.0
2020Q2,rails/rails,,,,,,,,,,5.0,0.13513513513513514,37.0,11.0,0.2972972972972973,2.0,0.05405405405405406,18.0,0.4864864864864865,1.0,0.02702702702702703,0.2702702702702703,43634.0,42953.0,0.015854538681814967
2020Q2,spacejam/sled,,,,,,,,,,,,15.0,5.0,0.3333333333333333,,,8.0,0.5333333333333333,2.0,0.13333333333333333,0.06666666666666667,3367.0,3167.0,0.06315124723713295
2020Q2,twbs/bootstrap,4.0,,,3.0,0.75,1.0,0.25,2.0,0.04878048780487805,1.0,0.024390243902439025,41.0,13.0,0.3170731707317073,6.0,0.14634146341463414,15.0,0.36585365853658536,4.0,0.0975609756097561,0.24444444444444444,123479.0,121180.0,0.018971777521043176
2020Q2,vuejs/core,14.0,,,10.0,0.7142857142857143,4.0,0.2857142857142857,,,,,7.0,2.0,0.2857142857142857,2.0,0.2857142857142857,3.0,0.42857142857142855,,,0.3333333333333333,12222.0,10264.0,0.19076383476227599
2020Q2,zzzprojects/System.Linq.Dynamic.Core,4.0,,,4.0,1.0,,,,,,,,,,,,,,,,0.0,660.0,657.0,0.004566210045662045
2020Q3,Zulko/moviepy,2.0,,,2.0,1.0,,,2.0,0.05405405405405406,3.0,0.08108108108108109,37.0,2.0,0.05405405405405406,6.0,0.16216216216216217,22.0,0.5945945945945946,2.0,0.05405405405405406,0.20512820512820512,6619.0,6407.0,0.03308880911503054
2020Q3,bigskysoftware/htmx,,,,,,,,,,1.0,0.07142857142857142,14.0,5.0,0.35714285714285715,,,8.0,0.5714285714285714,,,0.14285714285714285,1248.0,552.0,1.2608695652173911
2020Q3,django/django,5.0,,,5.0,1.0,,,,,,,2.0,,,1.0,0.5,1.0,0.5,,,0.0,48889.0,47295.0,0.03370335130563484
2020Q3,elnormous/HTTPRequest,,,,,,,,,,,,3.0,,,,,1.0,0.3333333333333333,2.0,0.6666666666666666,0.0,240.0,206.0,0.16504854368932032
2020Q3,ethereum/go-ethereum,,,,,,,,2.0,0.11764705882352941,3.0,0.17647058823529413,17.0,3.0,0.17647058823529413,1.0,0.058823529411764705,8.0,0.47058823529411764,,,0.17647058823529413,25622.0,25136.0,0.019334818586887348
2020Q3,facebook/react,38.0,4.0,0.10526315789473684,30.0,0.7894736842105263,4.0,0.10526315789473684,3.0,0.05660377358490566,3.0,0.05660377358490566,53.0,20.0,0.37735849056603776,2.0,0.03773584905660377,24.0,0.4528301886792453,1.0,0.018867924528301886,0.12087912087912088,138894.0,133055.0,0.04388410807560783
2020Q3,nodejs/nodejs.org,1.0,,,1.0,1.0,,,,,,,,,,,,,,,,0.0,1461.0,1461.0,0.0
2020Q3,pallets/flask,31.0,,,30.0,0.967741935483871,1.0,0.03225806451612903,,,,,,,,,,,,,,0.03225806451612903,46972.0,46929.0,0.0009162777813291889
2020Q3,rails/rails,,,,,,,,1.0,0.047619047619047616,,,21.0,7.0,0.3333333333333333,1.0,0.047619047619047616,10.0,0.47619047619047616,2.0,0.09523809523809523,0.2857142857142857,44421.0,43691.0,0.016708246549632655
2020Q3,spacejam/sled,,,,,,,,,,,,19.0,7.0,0.3684210526315789,,,9.0,0.47368421052631576,3.0,0.15789473684210525,0.15789473684210525,3693.0,3434.0,0.07542224810716358
2020Q3,twbs/bootstrap,,,,,,,,1.0,0.027777777777777776,1.0,0.027777777777777776,36.0,6.0,0.16666666666666666,8.0,0.2222222222222222,17.0,0.4722222222222222,3.0,0.08333333333333333,0.16666666666666666,126448.0,123702.0,0.02219850932078704
2020Q3,vuejs/core,,,,,,,,,,1.0,0.06666666666666667,15.0,4.0,0.26666666666666666,,,8.0,0.5333333333333333,2.0,0.13333333333333333,0.26666666666666666,16208.0,12786.0,0.2676364773971531
2020Q3,zzzprojects/System.Linq.Dynamic.Core,2.0,,,2.0,1.0,,,,,,,6.0,1.0,0.16666666666666666,1.0,0.16666666666666666,4.0,0.6666666666666666,,,0.25,712.0,676.0,0.053254437869822535
2020Q4,Zulko/moviepy,67.0,2.0,0.029850746268656716,60.0,0.8955223880597015,5.0,0.07462686567164178,2.0,0.037037037037037035,2.0,0.037037037037037035,54.0,13.0,0.24074074074074073,9.0,0.16666666666666666,23.0,0.42592592592592593,5.0,0.09259259259259259,0.12396694214876033,6934.0,6670.0,0.0395802098950524
2020Q4,bigskysoftware/htmx,,,,,,,,1.0,0.2,,,5.0,,,1.0,0.2,2.0,0.4,1.0,0.2,0.2,2072.0,1580.0,0.31139240506329124
2020Q4,django/django,7.0,,,7.0,1.0,,,,,,,,,,,,,,,,0.14285714285714285,51185.0,49782.0,0.028182877345225288
2020Q4,elnormous/HTTPRequest,,,,,,,,,,,,3.0,,,,,2.0,0.6666666666666666,1.0,0.3333333333333333,0.3333333333333333,277.0,250.0,0.1080000000000001
2020Q4,ethereum/go-ethereum,,,,,,,,,,1.0,0.04,25.0,4.0,0.16,,,19.0,0.76,1.0,0.04,0.08,26315.0,25662.0,0.0254461850206531
2020Q4,facebook/react,18.0,1.0,0.05555555555555555,13.0,0.7222222222222222,4.0,0.2222222222222222,,,4.0,0.0851063829787234,47.0,11.0,0.23404255319148937,,,32.0,0.6808510638297872,,,0.13846153846153847,144796.0,138958.0,0.04201269448322509
2020Q4,hotwired/turbo,3.0,,,3.0,1.0,,,,,,,2.0,,,,,1.0,0.5,1.0,0.5,0.0,1080.0,0.0,0.0
2020Q4,pallets/flask,21.0,1.0,0.047619047619047616,20.0,0.9523809523809523,,,,,,,,,,,,,,,,0.09523809523809523,48348.0,48004.0,0.007166069494208838
2020Q4,rails/rails,,,,,,,,,,1.0,0.05263157894736842,19.0,3.0,0.15789473684210525,2.0,0.10526315789473684,9.0,0.47368421052631576,4.0,0.21052631578947367,0.21052631578947367,45159.0,44526.0,0.014216412882360974
2020Q4,spacejam/sled,,,,,,,,,,,,11.0,3.0,0.2727272727272727,2.0,0.18181818181818182,5.0,0.45454545454545453,1.0,0.09090909090909091,0.18181818181818182,4078.0,3897.0,0.046445984090325965
2020Q4,twbs/bootstrap,59.0,3.0,0.05084745762711865,54.0,0.9152542372881356,2.0,0.03389830508474576,,,2.0,0.041666666666666664,48.0,12.0,0.25,1.0,0.020833333333333332,29.0,0.6041666666666666,4.0,0.08333333333333333,0.17757009345794392,129290.0,126640.0,0.02092545799115597
2020Q4,vuejs/core,1.0,,,1.0,1.0,,,,,4.0,0.12121212121212122,33.0,2.0,0.06060606060606061,7.0,0.21212121212121213,20.0,0.6060606060606061,,,0.14705882352941177,18704.0,16290.0,0.14818907305095141
2020Q4,zzzprojects/System.Linq.Dynamic.Core,4.0,,,4.0,1.0,,,,,,,8.0,2.0,0.25,2.0,0.25,4.0,0.5,,,0.25,762.0,730.0,0.043835616438356206
2021Q1,Zulko/moviepy,162.0,5.0,0.030864197530864196,145.0,0.8950617283950617,12.0,0.07407407407407407,1.0,0.017543859649122806,6.0,0.10526315789473684,57.0,7.0,0.12280701754385964,7.0,0.12280701754385964,27.0,0.47368421052631576,9.0,0.15789473684210525,0.2237442922374429,7286.0,6964.0,0.04623779437105102
2021Q1,bigskysoftware/htmx,11.0,,,10.0,0.9090909090909091,1.0,0.09090909090909091,1.0,0.029411764705882353,3.0,0.08823529411764706,34.0,7.0,0.20588235294117646,1.0,0.029411764705882353,19.0,0.5588235294117647,3.0,0.08823529411764706,0.2,2752.0,2081.0,0.3224411340701585
2021Q1,django/django,9.0,3.0,0.3333333333333333,5.0,0.5555555555555556,1.0,0.1111111111111111,,,,,,,,,,,,,,0.0,52758.0,51483.0,0.024765456558475618
2021Q1,elnormous/HTTPRequest,,,,,,,,,,,,5.0,1.0,0.2,,,4.0,0.8,,,0.0,327.0,307.0,0.06514657980456029
2021Q1,ethereum/go-ethereum,,,,,,,,2.0,0.05,3.0,0.075,40.0,7.0,0.175,2.0,0.05,25.0,0.625,1.0,0.025,0.125,27606.0,26419.0,0.044929785381732756
2021Q1,facebook/react,36.0,1.0,0.027777777777777776,29.0,0.8055555555555556,6.0,0.16666666666666666,,,5.0,0.10869565217391304,46.0,10.0,0.21739130434782608,5.0,0.10869565217391304,23.0,0.5,3.0,0.06521739130434782,0.21951219512195122,150571.0,144989.0,0.038499472373766386
2021Q1,hotwired/turbo,,,,,,,,,,1.0,0.041666666666666664,24.0,6.0,0.25,,,16.0,0.6666666666666666,1.0,0.041666666666666664,0.125,2104.0,1563.0,0.3461292386436341
2021Q1,nodejs/nodejs.org,3.0,,,3.0,1.0,,,,,,,,,,,,,,,,0.3333333333333333,1625.0,1581.0,0.027830487033523088
2021Q1,pallets/flask,92.0,1.0,0.010869565217391304,89.0,0.967391304347826,2.0,0.021739130434782608,,,,,,,,,,,,,,0.07608695652173914,50141.0,49624.0,0.010418345961631381
2021Q1,rails/rails,2.0,,,2.0,1.0,,,,,3.0,0.08571428571428572,35.0,8.0,0.22857142857142856,6.0,0.17142857142857143,17.0,0.4857142857142857,1.0,0.02857142857142857,0.1891891891891892,45897.0,45207.0,0.015263122967682063
2021Q1,spacejam/sled,,,,,,,,1.0,0.058823529411764705,1.0,0.058823529411764705,17.0,2.0,0.11764705882352941,2.0,0.11764705882352941,10.0,0.5882352941176471,1.0,0.058823529411764705,0.17647058823529413,4368.0,4088.0,0.06849315068493156
2021Q1,twbs/bootstrap,15.0,,,12.0,0.8,3.0,0.2,1.0,0.011904761904761904,2.0,0.023809523809523808,84.0,17.0,0.20238095238095238,13.0,0.15476190476190477,46.0,0.5476190476190477,5.0,0.05952380952380952,0.25252525252525254,132259.0,129513.0,0.02120250476786123
2021Q1,vuejs/core,2.0,,,2.0,1.0,,,3.0,0.061224489795918366,5.0,0.10204081632653061,49.0,10.0,0.20408163265306123,6.0,0.12244897959183673,23.0,0.46938775510204084,2.0,0.04081632653061224,0.19607843137254902,20347.0,18815.0,0.0814243954291789
2021Q1,withastro/astro,78.0,6.0,0.07692307692307693,57.0,0.7307692307692307,15.0,0.19230769230769232,,,,,,,,,,,,,,0.21794871794871795,0.0,0.0,0.0
2021Q1,zzzprojects/System.Linq.Dynamic.Core,12.0,,,10.0,0.8333333333333334,2.0,0.16666666666666666,1.0,0.08333333333333333,1.0,0.08333333333333333,12.0,2.0,0.16666666666666666,2.0,0.16666666666666666,5.0,0.4166666666666667,1.0,0.08333333333333333,0.08333333333333333,821.0,779.0,0.05391527599486512
2021Q2,Zulko/moviepy,51.0,1.0,0.0196078431372549,46.0,0.9019607843137255,4.0,0.0784313725490196,,,,,26.0,2.0,0.07692307692307693,5.0,0.19230769230769232,19.0,0.7307692307692307,,,0.14285714285714285,7593.0,7312.0,0.038429978118161845
2021Q2,bigskysoftware/htmx,,,,,,,,,,,,6.0,1.0,0.16666666666666666,1.0,0.16666666666666666,4.0,0.6666666666666666,,,0.0,3533.0,2939.0,0.20210956107519573
2021Q2,django/django,8.0,,,7.0,0.875,1.0,0.125,,,,,,,,,,,,,,0.0,55012.0,53268.0,0.032740106630622545
2021Q2,elnormous/HTTPRequest,,,,,,,,,,,,3.0,,,1.0,0.3333333333333333,1.0,0.3333333333333333,1.0,0.3333333333333333,0.3333333333333333,378.0,340.0,0.11176470588235299
2021Q2,ethereum/go-ethereum,,,,,,,,4.0,0.07017543859649122,4.0,0.07017543859649122,57.0,14.0,0.24561403508771928,3.0,0.05263157894736842,31.0,0.543859649122807,1.0,0.017543859649122806,0.05263157894736842,29614.0,28103.0,0.053766501796961075
2021Q2,facebook/react,46.0,4.0,0.08695652173913043,36.0,0.782608695652174,6.0,0.13043478260869565,2.0,0.03571428571428571,6.0,0.10714285714285714,56.0,5.0,0.08928571428571429,3.0,0.05357142857142857,39.0,0.6964285714285714,1.0,0.017857142857142856,0.1568627450980392,156345.0,150635.0,0.037906197098947825
2021Q2,hotwired/turbo,,,,,,,,,,2.0,0.1,20.0,4.0,0.2,1.0,0.05,10.0,0.5,3.0,0.15,0.15,2485.0,2109.0,0.17828354670459934
2021Q2,nodejs/nodejs.org,2.0,,,2.0,1.0,,,,,,,,,,,,,,,,0.5,1696.0,1684.0,0.0071258907363420665
2021Q2,pallets/flask,18.0,,,17.0,0.9444444444444444,1.0,0.05555555555555555,,,,,,,,,,,,,,0.1111111111111111,51173.0,50528.0,0.012765199493350199
2021Q2,phoenixframework/phoenix,67.0,,,55.0,0.8208955223880597,12.0,0.1791044776119403,,,,,,,,,,,,,,0.29850746268656714,16361.0,16329.0,0.00195970359483133
2021Q2,rails/rails,2.0,,,2.0,1.0,,,1.0,0.015384615384615385,6.0,0.09230769230769231,65.0,15.0,0.23076923076923078,8.0,0.12307692307692308,31.0,0.47692307692307695,4.0,0.06153846153846154,0.26865671641791045,46635.0,45913.0,0.015725393679349997
2021Q2,spacejam/sled,,,,,,,,,,,,6.0,2.0,0.3333333333333333,1.0,0.16666666666666666,3.0,0.5,,,0.3333333333333333,4678.0,4473.0,0.04583053878828536
2021Q2,twbs/bootstrap,8.0,,,8.0,1.0,,,2.0,0.018518518518518517,5.0,0.046296296296296294,108.0,28.0,0.25925925925925924,15.0,0.1388888888888889,52.0,0.48148148148148145,6.0,0.05555555555555555,0.19827586206896552,135100.0,132323.0,0.020986525396189615
2021Q2,vuejs/core,3.0,,,2.0,0.6666666666666666,1.0,0.3333333333333333,,,4.0,0.08695652173913043,46.0,8.0,0.17391304347826086,2.0,0.043478260869565216,25.0,0.5434782608695652,7.0,0.15217391304347827,0.08163265306122448,22027.0,20402.0,0.07964905401431221
2021Q2,withastro/astro,5.0,,,4.0,0.8,1.0,0.2,,,,,,,,,,,,,,0.6,3080.0,831.0,2.7063778580024067
2021Q2,zzzprojects/System.Linq.Dynamic.Core,3.0,,,3.0,1.0,,,,,1.0,0.1111111111111111,9.0,1.0,0.1111111111111111,2.0,0.2222222222222222,5.0,0.5555555555555556,,,0.3333333333333333,895.0,839.0,0.06674612634088195
2021Q3,Zulko/moviepy,10.0,,,10.0,1.0,,,1.0,0.06666666666666667,2.0,0.13333333333333333,15.0,3.0,0.2,3.0,0.2,5.0,0.3333333333333333,1.0,0.06666666666666667,0.16,8078.0,7649.0,0.05608576284481637
2021Q3,bigskysoftware/htmx,,,,,,,,,,2.0,0.06896551724137931,29.0,9.0,0.3103448275862069,1.0,0.034482758620689655,14.0,0.4827586206896552,3.0,0.10344827586206896,0.3103448275862069,4284.0,3660.0,0.17049180327868863
2021Q3,django/django,11.0,1.0,0.09090909090909091,8.0,0.7272727272727273,2.0,0.18181818181818182,,,,,1.0,,,,,1.0,1.0,,,0.08333333333333333,56776.0,55352.0,0.02572626102037856
2021Q3,elnormous/HTTPRequest,,,,,,,,,,,,1.0,,,,,1.0,1.0,,,0.0,417.0,417.0,0.0
2021Q3,ethereum/go-ethereum,10.0,,,9.0,0.9,1.0,0.1,3.0,0.061224489795918366,4.0,0.08163265306122448,49.0,7.0,0.14285714285714285,4.0,0.08163265306122448,30.0,0.6122448979591837,1.0,0.02040816326530612,0.13559322033898305,31235.0,29804.0,0.04801368943765927
2021Q3,facebook/react,38.0,3.0,0.07894736842105263,27.0,0.7105263157894737,8.0,0.21052631578947367,3.0,0.033707865168539325,4.0,0.0449438202247191,89.0,20.0,0.2247191011235955,9.0,0.10112359550561797,45.0,0.5056179775280899,8.0,0.0898876404494382,0.2283464566929134,162312.0,156473.0,0.03731634211653123
2021Q3,hotwired/turbo,,,,,,,,1.0,0.05263157894736842,2.0,0.10526315789473684,19.0,2.0,0.10526315789473684,2.0,0.10526315789473684,10.0,0.5263157894736842,2.0,0.10526315789473684,0.15789473684210525,2889.0,2669.0,0.08242787560884235
2021Q3,nodejs/nodejs.org,1.0,,,1.0,1.0,,,,,,,,,,,,,,,,0.0,1715.0,1715.0,0.0
2021Q3,pallets/flask,2.0,,,2.0,1.0,,,,,,,,,,,,,,,,0.0,52277.0,52277.0,0.0
2021Q3,phoenixframework/phoenix,28.0,,,28.0,1.0,,,,,,,,,,,,,,,,0.10714285714285714,16609.0,16462.0,0.008929656177864231
2021Q3,rails/rails,6.0,,,6.0,1.0,,,2.0,0.046511627906976744,2.0,0.046511627906976744,43.0,14.0,0.32558139534883723,1.0,0.023255813953488372,24.0,0.5581395348837209,,,0.2653061224489796,47356.0,46716.0,0.013699803065331029
2021Q3,spacejam/sled,,,,,,,,,,,,11.0,3.0,0.2727272727272727,1.0,0.09090909090909091,6.0,0.5454545454545454,1.0,0.09090909090909091,0.18181818181818182,5018.0,4754.0,0.05553218342448463
2021Q3,twbs/bootstrap,2.0,,,1.0,0.5,1.0,0.5,1.0,0.043478260869565216,1.0,0.043478260869565216,23.0,8.0,0.34782608695652173,5.0,0.21739130434782608,8.0,0.34782608695652173,,,0.32,138037.0,135228.0,0.020772325258082702
2021Q3,vuejs/core,4.0,,,2.0,0.5,2.0,0.5,2.0,0.025974025974025976,5.0,0.06493506493506493,77.0,13.0,0.16883116883116883,9.0,0.11688311688311688,40.0,0.5194805194805194,8.0,0.1038961038961039,0.14814814814814814,23751.0,22103.0,0.0745600144776728
2021Q3,withastro/astro,8.0,1.0,0.125,7.0,0.875,,,,,,,,,,,,,,,,0.125,6340.0,4351.0,0.45713629050792925
2021Q3,zzzprojects/System.Linq.Dynamic.Core,3.0,,,3.0,1.0,,,,,,,4.0,1.0,0.25,1.0,0.25,2.0,0.5,,,0.0,928.0,902.0,0.02882483370288247
2021Q4,Zulko/moviepy,,,,,,,,,,1.0,0.02857142857142857,35.0,6.0,0.17142857142857143,2.0,0.05714285714285714,25.0,0.7142857142857143,1.0,0.02857142857142857,0.11428571428571428,8658.0,8244.0,0.05021834061135366
2021Q4,bigskysoftware/htmx,,,,,,,,2.0,0.10526315789473684,,,19.0,5.0,0.2631578947368421,2.0,0.10526315789473684,9.0,0.47368421052631576,1.0,0.05263157894736842,0.10526315789473684,5198.0,4486.0,0.15871600534997765
2021Q4,django/django,11.0,,,11.0,1.0,,,,,,,3.0,1.0,0.3333333333333333,,,2.0,0.6666666666666666,,,0.14285714285714285,58732.0,57095.0,0.028671512391627907
2021Q4,elnormous/HTTPRequest,,,,,,,,,,,,1.0,,,1.0,1.0,,,,,0.0,474.0,474.0,0.0
2021Q4,ethereum/go-ethereum,1.0,,,1.0,1.0,,,,,8.0,0.11428571428571428,70.0,19.0,0.2714285714285714,5.0,0.07142857142857142,34.0,0.4857142857142857,4.0,0.05714285714285714,0.14084507042253522,33000.0,31282.0,0.05491976216354444
2021Q4,facebook/react,8.0,,,8.0,1.0,,,3.0,0.05357142857142857,4.0,0.07142857142857142,56.0,10.0,0.17857142857142858,5.0,0.08928571428571429,27.0,0.48214285714285715,7.0,0.125,0.1875,168150.0,162376.0,0.03555944228211061
2021Q4,hotwired/turbo,,,,,,,,1.0,0.03571428571428571,2.0,0.07142857142857142,28.0,4.0,0.14285714285714285,4.0,0.14285714285714285,15.0,0.5357142857142857,2.0,0.07142857142857142,0.25,3165.0,2974.0,0.06422326832548753
2021Q4,nodejs/nodejs.org,14.0,1.0,0.07142857142857142,12.0,0.8571428571428571,1.0,0.07142857142857142,,,,,,,,,,,,,,0.07142857142857142,1848.0,1816.0,0.017621145374449254
2021Q4,pallets/flask,11.0,1.0,0.09090909090909091,10.0,0.9090909090909091,,,,,,,,,,,,,,,,0.18181818181818182,53740.0,53123.0,0.011614554900890361
2021Q4,phoenixframework/phoenix,1.0,,,1.0,1.0,,,,,,,,,,,,,,,,0.0,16991.0,16991.0,0.0
2021Q4,rails/rails,1.0,,,1.0,1.0,,,1.0,0.027777777777777776,4.0,0.1111111111111111,36.0,8.0,0.2222222222222222,2.0,0.05555555555555555,19.0,0.5277777777777778,2.0,0.05555555555555555,0.2972972972972973,48127.0,47397.0,0.015401818680507162
2021Q4,spacejam/sled,,,,,,,,2.0,0.13333333333333333,,,15.0,,,2.0,0.13333333333333333,11.0,0.7333333333333333,,,0.0,5201.0,5042.0,0.03153510511701696
2021Q4,twbs/bootstrap,2.0,,,2.0,1.0,,,2.0,0.05555555555555555,1.0,0.027777777777777776,36.0,10.0,0.2777777777777778,3.0,0.08333333333333333,17.0,0.4722222222222222,3.0,0.08333333333333333,0.2631578947368421,140847.0,138165.0,0.019411573119096692
2021Q4,vuejs/core,,,,,,,,1.0,0.012987012987012988,6.0,0.07792207792207792,77.0,15.0,0.19480519480519481,6.0,0.07792207792207792,43.0,0.5584415584415584,6.0,0.07792207792207792,0.11688311688311688,25488.0,23864.0,0.06805229634596044
2021Q4,withastro/astro,40.0,2.0,0.05,34.0,0.85,4.0,0.1,,,,,,,,,,,,,,0.175,8349.0,6727.0,0.24111788315742522
2021Q4,zzzprojects/System.Linq.Dynamic.Core,3.0,,,3.0,1.0,,,,,1.0,0.25,4.0,,,,,3.0,0.75,,,0.2857142857142857,1008.0,960.0,0.050000000000000044
2022Q1,Zulko/moviepy,,,,,,,,5.0,0.08771929824561403,5.0,0.08771929824561403,57.0,11.0,0.19298245614035087,3.0,0.05263157894736842,30.0,0.5263157894736842,3.0,0.05263157894736842,0.15789473684210525,8924.0,8674.0,0.0288217661978325
2022Q1,bigskysoftware/htmx,1.0,,,1.0,1.0,,,,,,,7.0,3.0,0.42857142857142855,,,3.0,0.42857142857142855,1.0,0.14285714285714285,0.25,5778.0,5295.0,0.09121813031161463
2022Q1,django/django,20.0,,,20.0,1.0,,,,,1.0,0.07142857142857142,14.0,3.0,0.21428571428571427,1.0,0.07142857142857142,8.0,0.5714285714285714,1.0,0.07142857142857142,0.23529411764705882,60858.0,59072.0,0.03023429035752989
2022Q1,elnormous/HTTPRequest,2.0,,,2.0,1.0,,,,,,,1.0,,,1.0,1.0,,,,,0.3333333333333333,525.0,520.0,0.009615384615384581
2022Q1,ethereum/go-ethereum,2.0,,,2.0,1.0,,,1.0,0.041666666666666664,,,24.0,8.0,0.3333333333333333,4.0,0.16666666666666666,7.0,0.2916666666666667,4.0,0.16666666666666666,0.2692307692307692,34996.0,33159.0,0.05539974064356579
2022Q1,facebook/react,11.0,,,10.0,0.9090909090909091,1.0,0.09090909090909091,3.0,0.047619047619047616,1.0,0.015873015873015872,63.0,13.0,0.20634920634920634,1.0,0.015873015873015872,43.0,0.6825396825396826,2.0,0.031746031746031744,0.14864864864864866,173989.0,168407.0,0.03314589061024775
2022Q1,hotwired/turbo,,,,,,,,,,,,12.0,4.0,0.3333333333333333,1.0,0.08333333333333333,6.0,0.5,1.0,0.08333333333333333,0.08333333333333333,3448.0,3214.0,0.07280647168637211
2022Q1,nodejs/nodejs.org,4.0,,,4.0,1.0,,,,,,,,,,,,,,,,0.25,1952.0,1939.0,0.006704486848891245
2022Q1,pallets/flask,3.0,,,3.0,1.0,,,,,,,,,,,,,,,,0.3333333333333333,55561.0,54958.0,0.010972014993267498
2022Q1,phoenixframework/phoenix,1.0,,,1.0,1.0,,,,,,,,,,,,,,,,0.0,17156.0,17156.0,0.0
2022Q1,rails/rails,,,,,,,,,,9.0,0.125,72.0,13.0,0.18055555555555555,6.0,0.08333333333333333,37.0,0.5138888888888888,7.0,0.09722222222222222,0.3194444444444444,48865.0,48151.0,0.0148283524745072
2022Q1,spacejam/sled,,,,,,,,,,1.0,0.1111111111111111,9.0,1.0,0.1111111111111111,1.0,0.1111111111111111,4.0,0.4444444444444444,2.0,0.2222222222222222,0.0,5586.0,5328.0,0.04842342342342332
2022Q1,twbs/bootstrap,6.0,,,6.0,1.0,,,,,,,65.0,13.0,0.2,10.0,0.15384615384615385,39.0,0.6,3.0,0.046153846153846156,0.23943661971830985,143880.0,141198.0,0.018994603322993298
2022Q1,vuejs/core,4.0,1.0,0.25,2.0,0.5,1.0,0.25,,,1.0,0.013888888888888888,72.0,15.0,0.20833333333333334,6.0,0.08333333333333333,40.0,0.5555555555555556,10.0,0.1388888888888889,0.14473684210526316,27544.0,25604.0,0.07576941102952661
2022Q1,withastro/astro,1272.0,48.0,0.03773584905660377,1115.0,0.8765723270440252,109.0,0.08569182389937106,,,,,,,,,,,,,,0.19732704402515724,10136.0,9338.0,0.0854572713643178
2022Q2,Zulko/moviepy,1.0,,,1.0,1.0,,,1.0,0.017241379310344827,3.0,0.05172413793103448,58.0,3.0,0.05172413793103448,5.0,0.08620689655172414,38.0,0.6551724137931034,8.0,0.13793103448275862,0.22033898305084745,9212.0,8946.0,0.029733959311424085
2022Q2,bigskysoftware/htmx,,,,,,,,,,1.0,0.047619047619047616,21.0,2.0,0.09523809523809523,7.0,0.3333333333333333,9.0,0.42857142857142855,2.0,0.09523809523809523,0.09523809523809523,6968.0,6059.0,0.15002475656048864
2022Q2,django/django,5.0,,,5.0,1.0,,,,,4.0,0.25,16.0,3.0,0.1875,,,7.0,0.4375,2.0,0.125,0.23809523809523808,62793.0,60964.0,0.030001312249852363
2022Q2,elnormous/HTTPRequest,,,,,,,,,,,,4.0,,,1.0,0.25,3.0,0.75,,,0.0,568.0,540.0,0.051851851851851816
2022Q2,ethereum/go-ethereum,5.0,,,5.0,1.0,,,,,2.0,0.058823529411764705,34.0,5.0,0.14705882352941177,6.0,0.17647058823529413,18.0,0.5294117647058824,3.0,0.08823529411764706,0.07692307692307693,36835.0,35648.0,0.03329780071813282
2022Q2,facebook/react,13.0,,,11.0,0.8461538461538461,2.0,0.15384615384615385,4.0,0.04597701149425287,5.0,0.05747126436781609,87.0,23.0,0.26436781609195403,4.0,0.04597701149425287,42.0,0.4827586206896552,9.0,0.10344827586206896,0.2,179827.0,174117.0,0.0327940407886651
2022Q2,hotwired/turbo,,,,,,,,,,4.0,0.08695652173913043,46.0,9.0,0.1956521739130435,3.0,0.06521739130434782,26.0,0.5652173913043478,4.0,0.08695652173913043,0.043478260869565216,3723.0,3485.0,0.06829268292682933
2022Q2,nodejs/nodejs.org,2.0,,,2.0,1.0,,,,,,,,,,,,,,,,0.5,2004.0,1998.0,0.0030030030030030463
2022Q2,pallets/flask,43.0,,,40.0,0.9302325581395349,3.0,0.06976744186046512,,,,,,,,,,,,,,0.18604651162790697,56980.0,56306.0,0.011970305118459867
2022Q2,phoenixframework/phoenix,1.0,,,1.0,1.0,,,1.0,0.16666666666666666,1.0,0.16666666666666666,6.0,2.0,0.3333333333333333,,,1.0,0.16666666666666666,1.0,0.16666666666666666,0.14285714285714285,17505.0,17468.0,0.0021181589191665573
2022Q2,rails/rails,,,,,,,,3.0,0.04477611940298507,4.0,0.05970149253731343,67.0,16.0,0.23880597014925373,7.0,0.1044776119402985,33.0,0.4925373134328358,4.0,0.05970149253731343,0.22388059701492538,49587.0,48873.0,0.0146092934749249
2022Q2,spacejam/sled,,,,,,,,,,,,5.0,1.0,0.2,,,4.0,0.8,,,0.4,5856.0,5646.0,0.037194473963868324
2022Q2,twbs/bootstrap,17.0,1.0,0.058823529411764705,14.0,0.8235294117647058,2.0,0.11764705882352941,,,6.0,0.0759493670886076,79.0,18.0,0.22784810126582278,10.0,0.12658227848101267,42.0,0.5316455696202531,3.0,0.0379746835443038,0.17708333333333334,146849.0,144167.0,0.01860342519439251
2022Q2,vuejs/core,2.0,,,1.0,0.5,1.0,0.5,5.0,0.05434782608695652,10.0,0.10869565217391304,92.0,8.0,0.08695652173913043,10.0,0.10869565217391304,46.0,0.5,13.0,0.14130434782608695,0.10638297872340426,29893.0,27625.0,0.08209954751131221
2022Q2,withastro/astro,20.0,2.0,0.1,17.0,0.85,1.0,0.05,,,,,,,,,,,,,,0.05,12393.0,10452.0,0.18570608495981622
2022Q2,zzzprojects/System.Linq.Dynamic.Core,13.0,1.0,0.07692307692307693,12.0,0.9230769230769231,,,,,,,1.0,,,1.0,1.0,,,,,0.21428571428571427,1128.0,1094.0,0.031078610603290757
2022Q3,Zulko/moviepy,,,,,,,,,,3.0,0.10344827586206896,29.0,4.0,0.13793103448275862,3.0,0.10344827586206896,16.0,0.5517241379310345,3.0,0.10344827586206896,0.13793103448275862,9521.0,9215.0,0.03320672816060766
2022Q3,bigskysoftware/htmx,,,,,,,,1.0,0.08333333333333333,,,12.0,3.0,0.25,1.0,0.08333333333333333,5.0,0.4166666666666667,2.0,0.16666666666666666,0.0,8089.0,7055.0,0.14656272147413185
2022Q3,django/django,6.0,,,5.0,0.8333333333333334,1.0,0.16666666666666666,,,1.0,0.08333333333333333,12.0,2.0,0.16666666666666666,3.0,0.25,6.0,0.5,,,0.3888888888888889,64749.0,63324.0,0.022503316278188468
2022Q3,elnormous/HTTPRequest,,,,,,,,1.0,0.16666666666666666,2.0,0.3333333333333333,6.0,,,,,3.0,0.5,,,0.0,636.0,606.0,0.04950495049504955
2022Q3,ethereum/go-ethereum,,,,,,,,,,1.0,0.022222222222222223,45.0,17.0,0.37777777777777777,5.0,0.1111111111111111,17.0,0.37777777777777777,5.0,0.1111111111111111,0.13333333333333333,38258.0,36855.0,0.03806810473477129
2022Q3,facebook/react,18.0,2.0,0.1111111111111111,16.0,0.8888888888888888,,,4.0,0.05263157894736842,5.0,0.06578947368421052,76.0,17.0,0.2236842105263158,3.0,0.039473684210526314,43.0,0.5657894736842105,4.0,0.05263157894736842,0.1595744680851064,185730.0,180020.0,0.031718697922453076
2022Q3,hotwired/turbo,1.0,,,1.0,1.0,,,6.0,0.06451612903225806,2.0,0.021505376344086023,93.0,11.0,0.11827956989247312,9.0,0.0967741935483871,57.0,0.6129032258064516,8.0,0.08602150537634409,0.09574468085106383,4131.0,3740.0,0.1045454545454545
2022Q3,joshmoody24/sitcom-simulator,12.0,,,11.0,0.9166666666666666,1.0,0.08333333333333333,,,,,,,,,,,,,,0.16666666666666666,1.0,1.0,0.0
2022Q3,pallets/flask,78.0,7.0,0.08974358974358974,66.0,0.8461538461538461,5.0,0.0641025641025641,,,,,,,,,,,,,,0.15384615384615385,57482.0,56995.0,0.008544609176243556
2022Q3,phoenixframework/phoenix,1.0,,,1.0,1.0,,,,,,,1.0,,,1.0,1.0,,,,,0.0,18182.0,17871.0,0.01740249566336516
2022Q3,rails/rails,68.0,5.0,0.07352941176470588,55.0,0.8088235294117647,8.0,0.11764705882352941,1.0,0.01694915254237288,4.0,0.06779661016949153,59.0,18.0,0.3050847457627119,3.0,0.05084745762711865,29.0,0.4915254237288136,4.0,0.06779661016949153,0.23622047244094488,50325.0,49652.0,0.013554338193829008
2022Q3,spacejam/sled,,,,,,,,,,,,4.0,1.0,0.25,1.0,0.25,1.0,0.25,1.0,0.25,0.0,6090.0,5952.0,0.02318548387096775
2022Q3,twbs/bootstrap,6.0,,,6.0,1.0,,,,,5.0,0.07042253521126761,71.0,16.0,0.22535211267605634,15.0,0.2112676056338028,27.0,0.38028169014084506,8.0,0.11267605633802817,0.22077922077922077,149754.0,146977.0,0.018894112684297637
2022Q3,vuejs/core,,,,,,,,8.0,0.0975609756097561,7.0,0.08536585365853659,82.0,5.0,0.06097560975609756,7.0,0.08536585365853659,44.0,0.5365853658536586,11.0,0.13414634146341464,0.1951219512195122,31906.0,29915.0,0.06655523984623102
2022Q3,withastro/astro,6.0,1.0,0.16666666666666666,5.0,0.8333333333333334,,,,,,,,,,,,,,,,0.16666666666666666,17455.0,12787.0,0.36505826229764615
2022Q3,zzzprojects/System.Linq.Dynamic.Core,9.0,,,9.0,1.0,,,,,,,,,,,,,,,,0.3333333333333333,1161.0,1152.0,0.0078125
2022Q4,Zulko/moviepy,1.0,1.0,1.0,,,,,1.0,0.011627906976744186,4.0,0.046511627906976744,86.0,18.0,0.20930232558139536,4.0,0.046511627906976744,52.0,0.6046511627906976,7.0,0.08139534883720931,0.19540229885057472,9837.0,9541.0,0.031024001676973167
2022Q4,bigskysoftware/htmx,4.0,,,4.0,1.0,,,,,2.0,0.13333333333333333,15.0,6.0,0.4,2.0,0.13333333333333333,3.0,0.2,2.0,0.13333333333333333,0.05263157894736842,9442.0,8188.0,0.1531509526135808
2022Q4,django/django,9.0,,,9.0,1.0,,,,,3.0,0.11538461538461539,26.0,10.0,0.38461538461538464,1.0,0.038461538461538464,12.0,0.46153846153846156,,,0.2857142857142857,66492.0,64834.0,0.025573001820032637
2022Q4,elnormous/HTTPRequest,,,,,,,,,,,,1.0,,,,,,,1.0,1.0,1.0,679.0,679.0,0.0
2022Q4,ethereum/go-ethereum,1.0,,,1.0,1.0,,,3.0,0.04225352112676056,3.0,0.04225352112676056,71.0,9.0,0.1267605633802817,4.0,0.056338028169014086,49.0,0.6901408450704225,3.0,0.04225352112676056,0.1388888888888889,39637.0,38449.0,0.030898072771723628
2022Q4,facebook/react,168.0,7.0,0.041666666666666664,142.0,0.8452380952380952,19.0,0.1130952380952381,2.0,0.03571428571428571,4.0,0.07142857142857142,56.0,8.0,0.14285714285714285,2.0,0.03571428571428571,33.0,0.5892857142857143,7.0,0.125,0.1875,191633.0,185858.0,0.03107210881425604
2022Q4,hotwired/turbo,,,,,,,,2.0,0.03333333333333333,3.0,0.05,60.0,10.0,0.16666666666666666,4.0,0.06666666666666667,31.0,0.5166666666666667,10.0,0.16666666666666666,0.2,4439.0,4170.0,0.06450839328537161
2022Q4,joshmoody24/sitcom-simulator,107.0,2.0,0.018691588785046728,91.0,0.8504672897196262,14.0,0.1308411214953271,,,,,,,,,,,,,,0.16822429906542055,6.0,4.0,0.5
2022Q4,nodejs/nodejs.org,3.0,,,3.0,1.0,,,,,,,,,,,,,,,,0.0,2263.0,2227.0,0.01616524472384384
2022Q4,phoenixframework/phoenix,1.0,,,1.0,1.0,,,,,1.0,0.5,2.0,,,,,1.0,0.5,,,0.0,18548.0,18367.0,0.009854630587466717
2022Q4,rails/rails,,,,,,,,1.0,0.021739130434782608,2.0,0.043478260869565216,46.0,12.0,0.2608695652173913,6.0,0.13043478260869565,22.0,0.4782608695652174,3.0,0.06521739130434782,0.21739130434782608,51038.0,50373.0,0.013201516685525938
2022Q4,spacejam/sled,,,,,,,,,,1.0,0.1,10.0,5.0,0.5,1.0,0.1,2.0,0.2,1.0,0.1,0.2,6421.0,6154.0,0.0433864153396164
2022Q4,twbs/bootstrap,21.0,1.0,0.047619047619047616,18.0,0.8571428571428571,2.0,0.09523809523809523,1.0,0.010416666666666666,1.0,0.010416666666666666,96.0,24.0,0.25,9.0,0.09375,54.0,0.5625,7.0,0.07291666666666667,0.17094017094017094,152723.0,149818.0,0.01939019343470072
2022Q4,vuejs/core,1.0,,,1.0,1.0,,,6.0,0.046875,12.0,0.09375,128.0,24.0,0.1875,16.0,0.125,62.0,0.484375,8.0,0.0625,0.21705426356589147,33660.0,32008.0,0.05161209697575608
2022Q4,withastro/astro,2.0,,,2.0,1.0,,,,,,,1.0,,,,,1.0,1.0,,,0.0,21575.0,19927.0,0.08270186179555372
2022Q4,zzzprojects/System.Linq.Dynamic.Core,16.0,,,16.0,1.0,,,,,,,2.0,,,,,2.0,1.0,,,0.2222222222222222,1227.0,1203.0,0.01995012468827939
2023Q1,Zulko/moviepy,3.0,,,3.0,1.0,,,2.0,0.03125,4.0,0.0625,64.0,6.0,0.09375,5.0,0.078125,41.0,0.640625,6.0,0.09375,0.11940298507462686,10161.0,9847.0,0.03188788463491421
2023Q1,bigskysoftware/htmx,3.0,,,2.0,0.6666666666666666,1.0,0.3333333333333333,1.0,0.030303030303030304,,,33.0,3.0,0.09090909090909091,2.0,0.06060606060606061,20.0,0.6060606060606061,7.0,0.21212121212121213,0.05555555555555555,11150.0,9640.0,0.1566390041493777
2023Q1,django/django,15.0,,,13.0,0.8666666666666667,2.0,0.13333333333333333,1.0,0.08333333333333333,1.0,0.08333333333333333,12.0,3.0,0.25,2.0,0.16666666666666666,4.0,0.3333333333333333,1.0,0.08333333333333333,0.2962962962962963,68554.0,66789.0,0.02642650735899621
2023Q1,ethereum/go-ethereum,,,,,,,,3.0,0.043478260869565216,4.0,0.057971014492753624,69.0,16.0,0.2318840579710145,6.0,0.08695652173913043,38.0,0.5507246376811594,2.0,0.028985507246376812,0.18840579710144928,40847.0,39681.0,0.029384340112396323
2023Q1,facebook/react,76.0,4.0,0.05263157894736842,53.0,0.6973684210526315,19.0,0.25,3.0,0.038461538461538464,1.0,0.01282051282051282,78.0,11.0,0.14102564102564102,3.0,0.038461538461538464,53.0,0.6794871794871795,7.0,0.08974358974358974,0.15584415584415584,197407.0,191825.0,0.02909943959337946
2023Q1,hotwired/turbo,,,,,,,,2.0,0.03636363636363636,4.0,0.07272727272727272,55.0,10.0,0.18181818181818182,4.0,0.07272727272727272,30.0,0.5454545454545454,5.0,0.09090909090909091,0.10909090909090909,4731.0,4442.0,0.06506078343088695
2023Q1,nodejs/nodejs.org,128.0,1.0,0.0078125,114.0,0.890625,13.0,0.1015625,,,,,3.0,1.0,0.3333333333333333,2.0,0.6666666666666666,,,,,0.1297709923664122,2520.0,2485.0,0.014084507042253502
2023Q1,pallets/flask,27.0,13.0,0.48148148148148145,12.0,0.4444444444444444,2.0,0.07407407407407407,,,,,,,,,,,,,,0.0,60393.0,59877.0,0.008617666215742226
2023Q1,phoenixframework/phoenix,,,,,,,,,,,,3.0,,,1.0,0.3333333333333333,2.0,0.6666666666666666,,,0.0,18929.0,18719.0,0.011218547999358952
2023Q1,rails/rails,740.0,30.0,0.04054054054054054,646.0,0.8729729729729729,64.0,0.08648648648648649,2.0,0.019417475728155338,5.0,0.04854368932038835,103.0,32.0,0.3106796116504854,3.0,0.02912621359223301,58.0,0.5631067961165048,3.0,0.02912621359223301,0.18861209964412812,51825.0,51128.0,0.013632451885464025
2023Q1,spacejam/sled,,,,,,,,,,,,3.0,,,,,3.0,1.0,,,0.0,6726.0,6519.0,0.03175333640128852
2023Q1,twbs/bootstrap,4.0,,,4.0,1.0,,,2.0,0.015748031496062992,6.0,0.047244094488188976,127.0,26.0,0.2047244094488189,14.0,0.11023622047244094,65.0,0.5118110236220472,14.0,0.11023622047244094,0.2366412213740458,155597.0,152755.0,0.018604955647933075
2023Q1,vuejs/core,40.0,2.0,0.05,31.0,0.775,7.0,0.175,5.0,0.030864197530864196,12.0,0.07407407407407407,162.0,23.0,0.1419753086419753,14.0,0.08641975308641975,95.0,0.5864197530864198,13.0,0.08024691358024691,0.2079207920792079,35683.0,33698.0,0.05890557303104038
2023Q1,withastro/astro,8.0,,,7.0,0.875,1.0,0.125,,,2.0,0.15384615384615385,13.0,1.0,0.07692307692307693,1.0,0.07692307692307693,7.0,0.5384615384615384,2.0,0.15384615384615385,0.14285714285714285,27620.0,23520.0,0.17431972789115657
2023Q1,zzzprojects/System.Linq.Dynamic.Core,62.0,2.0,0.03225806451612903,58.0,0.9354838709677419,2.0,0.03225806451612903,,,,,5.0,,,2.0,0.4,3.0,0.6,,,0.13432835820895522,1284.0,1260.0,0.01904761904761898
2023Q2,Zulko/moviepy,3.0,,,3.0,1.0,,,4.0,0.058823529411764705,5.0,0.07352941176470588,68.0,12.0,0.17647058823529413,7.0,0.10294117647058823,35.0,0.5147058823529411,5.0,0.07352941176470588,0.30985915492957744,10524.0,10165.0,0.03531726512543032
2023Q2,bigskysoftware/htmx,,,,,,,,2.0,0.031746031746031744,6.0,0.09523809523809523,63.0,9.0,0.14285714285714285,4.0,0.06349206349206349,30.0,0.47619047619047616,12.0,0.19047619047619047,0.12698412698412698,13704.0,11392.0,0.2029494382022472
2023Q2,django/django,10.0,2.0,0.2,8.0,0.8,,,,,,,45.0,8.0,0.17777777777777778,3.0,0.06666666666666667,32.0,0.7111111111111111,2.0,0.044444444444444446,0.18181818181818182,70531.0,68724.0,0.026293580117571658
2023Q2,elnormous/HTTPRequest,,,,,,,,,,,,1.0,,,,,1.0,1.0,,,0.0,753.0,753.0,0.0
2023Q2,ethereum/go-ethereum,,,,,,,,4.0,0.038834951456310676,3.0,0.02912621359223301,103.0,20.0,0.1941747572815534,11.0,0.10679611650485436,58.0,0.5631067961165048,7.0,0.06796116504854369,0.1262135922330097,42046.0,40899.0,0.028044695469326975
2023Q2,facebook/react,52.0,5.0,0.09615384615384616,42.0,0.8076923076923077,5.0,0.09615384615384616,9.0,0.08823529411764706,6.0,0.058823529411764705,102.0,21.0,0.20588235294117646,5.0,0.049019607843137254,54.0,0.5294117647058824,7.0,0.06862745098039216,0.17532467532467533,203246.0,197535.0,0.028911332168982673
2023Q2,hotwired/turbo,,,,,,,,1.0,0.04,1.0,0.04,25.0,4.0,0.16,2.0,0.08,14.0,0.56,3.0,0.12,0.12,5036.0,4775.0,0.054659685863874374
2023Q2,nodejs/nodejs.org,12.0,1.0,0.08333333333333333,11.0,0.9166666666666666,,,1.0,0.16666666666666666,1.0,0.16666666666666666,6.0,2.0,0.3333333333333333,,,1.0,0.16666666666666666,1.0,0.16666666666666666,0.3333333333333333,2701.0,2619.0,0.03130966017563952
2023Q2,pallets/flask,39.0,2.0,0.05128205128205128,36.0,0.9230769230769231,1.0,0.02564102564102564,,,,,,,,,,,,,,0.1282051282051282,61913.0,61081.0,0.013621257019367672
2023Q2,rails/rails,,,,,,,,1.0,0.0125,2.0,0.025,80.0,21.0,0.2625,4.0,0.05,46.0,0.575,6.0,0.075,0.1125,52555.0,51866.0,0.013284232445147204
2023Q2,spacejam/sled,,,,,,,,,,,,9.0,,,1.0,0.1111111111111111,7.0,0.7777777777777778,1.0,0.1111111111111111,0.2222222222222222,6953.0,6760.0,0.028550295857988184
2023Q2,twbs/bootstrap,6.0,1.0,0.16666666666666666,4.0,0.6666666666666666,1.0,0.16666666666666666,3.0,0.028846153846153848,6.0,0.057692307692307696,104.0,30.0,0.28846153846153844,12.0,0.11538461538461539,44.0,0.4230769230769231,9.0,0.08653846153846154,0.2818181818181818,158502.0,155629.0,0.01846056968816856
2023Q2,vuejs/core,3.0,,,3.0,1.0,,,6.0,0.039735099337748346,25.0,0.16556291390728478,151.0,18.0,0.11920529801324503,15.0,0.09933774834437085,75.0,0.4966887417218543,12.0,0.07947019867549669,0.2597402597402597,37958.0,35709.0,0.06298132123554279
2023Q2,withastro/astro,7.0,,,5.0,0.7142857142857143,2.0,0.2857142857142857,,,,,3.0,1.0,0.3333333333333333,,,2.0,0.6666666666666666,,,0.0,30243.0,28017.0,0.0794517614305601
2023Q2,zzzprojects/System.Linq.Dynamic.Core,2.0,,,2.0,1.0,,,,,1.0,0.2,5.0,1.0,0.2,,,3.0,0.6,,,0.2857142857142857,1344.0,1319.0,0.018953752843063
2023Q3,Zulko/moviepy,,,,,,,,3.0,0.024193548387096774,3.0,0.024193548387096774,124.0,39.0,0.31451612903225806,10.0,0.08064516129032258,58.0,0.46774193548387094,11.0,0.08870967741935484,0.24193548387096775,10893.0,10528.0,0.03466945288753798
2023Q3,bigskysoftware/htmx,795.0,27.0,0.033962264150943396,716.0,0.9006289308176101,52.0,0.06540880503144654,8.0,0.057971014492753624,10.0,0.07246376811594203,138.0,30.0,0.21739130434782608,18.0,0.13043478260869565,63.0,0.45652173913043476,9.0,0.06521739130434782,0.15219721329046088,21146.0,13862.0,0.5254653008223922
2023Q3,django/django,18.0,1.0,0.05555555555555555,17.0,0.9444444444444444,,,1.0,0.02040816326530612,5.0,0.10204081632653061,49.0,17.0,0.3469387755102041,3.0,0.061224489795918366,19.0,0.3877551020408163,4.0,0.08163265306122448,0.22388059701492538,72508.0,70637.0,0.026487534861333373
2023Q3,elnormous/HTTPRequest,,,,,,,,,,1.0,0.25,4.0,2.0,0.5,,,1.0,0.25,,,0.0,825.0,792.0,0.04166666666666674
2023Q3,ethereum/go-ethereum,,,,,,,,1.0,0.013333333333333334,7.0,0.09333333333333334,75.0,5.0,0.06666666666666667,11.0,0.14666666666666667,47.0,0.6266666666666667,4.0,0.05333333333333334,0.17333333333333334,43193.0,42098.0,0.026010736852106975
2023Q3,facebook/react,23.0,,,17.0,0.7391304347826086,6.0,0.2608695652173913,1.0,0.018518518518518517,5.0,0.09259259259259259,54.0,7.0,0.12962962962962962,6.0,0.1111111111111111,28.0,0.5185185185185185,7.0,0.12962962962962962,0.2857142857142857,209084.0,203310.0,0.028399980325611196
2023Q3,hotwired/turbo,1.0,,,1.0,1.0,,,2.0,0.047619047619047616,5.0,0.11904761904761904,42.0,5.0,0.11904761904761904,4.0,0.09523809523809523,18.0,0.42857142857142855,8.0,0.19047619047619047,0.20930232558139536,5623.0,5116.0,0.09910086004691165
2023Q3,joshmoody24/sitcom-simulator,44.0,7.0,0.1590909090909091,29.0,0.6590909090909091,8.0,0.18181818181818182,,,,,1.0,,,,,,,1.0,1.0,0.2222222222222222,28.0,28.0,0.0
2023Q3,nodejs/nodejs.org,57.0,2.0,0.03508771929824561,50.0,0.8771929824561403,5.0,0.08771929824561403,,,,,22.0,6.0,0.2727272727272727,2.0,0.09090909090909091,13.0,0.5909090909090909,1.0,0.045454545454545456,0.31645569620253167,2842.0,2705.0,0.05064695009242137
2023Q3,pallets/flask,180.0,6.0,0.03333333333333333,169.0,0.9388888888888889,5.0,0.027777777777777776,,,,,5.0,4.0,0.8,,,1.0,0.2,,,0.11891891891891893,63332.0,62888.0,0.0070601704617732075
2023Q3,phoenixframework/phoenix,1.0,,,1.0,1.0,,,,,,,4.0,,,,,4.0,1.0,,,0.6,19794.0,19595.0,0.0101556519520285
2023Q3,rails/rails,1.0,,,,,1.0,1.0,1.0,0.0136986301369863,5.0,0.0684931506849315,73.0,14.0,0.1917808219178082,6.0,0.0821917808219178,42.0,0.5753424657534246,5.0,0.0684931506849315,0.1891891891891892,53309.0,52587.0,0.013729628995759358
2023Q3,spacejam/sled,,,,,,,,,,,,6.0,,,,,5.0,0.8333333333333334,1.0,0.16666666666666666,0.3333333333333333,7182.0,7030.0,0.021621621621621623
2023Q3,twbs/bootstrap,,,,,,,,1.0,0.012195121951219513,2.0,0.024390243902439025,82.0,14.0,0.17073170731707318,12.0,0.14634146341463414,49.0,0.5975609756097561,4.0,0.04878048780487805,0.1951219512195122,161439.0,158566.0,0.018118638295725464
2023Q3,vuejs/core,1.0,,,1.0,1.0,,,6.0,0.031914893617021274,16.0,0.0851063829787234,188.0,36.0,0.19148936170212766,21.0,0.11170212765957446,94.0,0.5,15.0,0.0797872340425532,0.1693121693121693,40049.0,37981.0,0.05444827676996389
2023Q3,withastro/astro,19.0,1.0,0.05263157894736842,18.0,0.9473684210526315,,,3.0,0.10344827586206896,2.0,0.06896551724137931,29.0,5.0,0.1724137931034483,1.0,0.034482758620689655,15.0,0.5172413793103449,3.0,0.10344827586206896,0.22916666666666666,34823.0,30849.0,0.12882103147589863
2023Q3,zzzprojects/System.Linq.Dynamic.Core,1.0,,,1.0,1.0,,,1.0,0.058823529411764705,,,17.0,2.0,0.11764705882352941,3.0,0.17647058823529413,11.0,0.6470588235294118,,,0.16666666666666666,1388.0,1371.0,0.012399708242158969
2023Q4,Zulko/moviepy,,,,,,,,1.0,0.016666666666666666,2.0,0.03333333333333333,60.0,14.0,0.23333333333333334,5.0,0.08333333333333333,32.0,0.5333333333333333,6.0,0.1,0.21666666666666667,11279.0,10897.0,0.03505551986785349
2023Q4,bigskysoftware/htmx,8.0,,,7.0,0.875,1.0,0.125,2.0,0.015267175572519083,3.0,0.022900763358778626,131.0,28.0,0.21374045801526717,18.0,0.13740458015267176,64.0,0.48854961832061067,16.0,0.12213740458015267,0.18705035971223022,25672.0,21274.0,0.20673122120898757
2023Q4,django/django,1.0,,,1.0,1.0,,,,,1.0,0.014285714285714285,70.0,32.0,0.45714285714285713,7.0,0.1,26.0,0.37142857142857144,4.0,0.05714285714285714,0.4225352112676056,74400.0,72572.0,0.025188778041117743
2023Q4,elnormous/HTTPRequest,,,,,,,,,,1.0,0.2,5.0,,,,,4.0,0.8,,,0.4,854.0,854.0,0.0
2023Q4,ethereum/go-ethereum,3.0,,,2.0,0.6666666666666666,1.0,0.3333333333333333,3.0,0.021739130434782608,7.0,0.050724637681159424,138.0,20.0,0.14492753623188406,18.0,0.13043478260869565,80.0,0.5797101449275363,10.0,0.07246376811594203,0.12056737588652482,44380.0,43271.0,0.0256291742737631
2023Q4,facebook/react,12.0,,,8.0,0.6666666666666666,4.0,0.3333333333333333,6.0,0.0759493670886076,4.0,0.05063291139240506,79.0,17.0,0.21518987341772153,5.0,0.06329113924050633,40.0,0.5063291139240507,7.0,0.08860759493670886,0.18681318681318682,214923.0,209212.0,0.02729766934975042
2023Q4,hotwired/turbo,4.0,,,3.0,0.75,1.0,0.25,2.0,0.02040816326530612,7.0,0.07142857142857142,98.0,16.0,0.16326530612244897,8.0,0.08163265306122448,53.0,0.5408163265306123,12.0,0.12244897959183673,0.19607843137254902,6082.0,5657.0,0.07512815980201526
2023Q4,joshmoody24/sitcom-simulator,,,,,,,,,,,,2.0,1.0,0.5,,,1.0,0.5,,,0.0,34.0,33.0,0.030303030303030276
2023Q4,nodejs/nodejs.org,,,,,,,,,,2.0,0.08695652173913043,23.0,6.0,0.2608695652173913,1.0,0.043478260869565216,12.0,0.5217391304347826,2.0,0.08695652173913043,0.13043478260869565,3202.0,3046.0,0.051214707813525884
2023Q4,pallets/flask,,,,,,,,,,,,4.0,2.0,0.5,1.0,0.25,1.0,0.25,,,0.0,64164.0,64049.0,0.001795500320067367
2023Q4,phoenixframework/phoenix,,,,,,,,1.0,0.125,1.0,0.125,8.0,4.0,0.5,1.0,0.125,1.0,0.125,,,0.125,20118.0,19964.0,0.007713884992987419
2023Q4,rails/rails,49.0,2.0,0.04081632653061224,44.0,0.8979591836734694,3.0,0.061224489795918366,6.0,0.02727272727272727,12.0,0.05454545454545454,220.0,60.0,0.2727272727272727,15.0,0.06818181818181818,105.0,0.4772727272727273,22.0,0.1,0.2342007434944238,54055.0,53317.0,0.013841739032578682
2023Q4,spacejam/sled,,,,,,,,,,,,7.0,1.0,0.14285714285714285,,,4.0,0.5714285714285714,2.0,0.2857142857142857,0.14285714285714285,7463.0,7349.0,0.015512314600625965
2023Q4,twbs/bootstrap,,,,,,,,1.0,0.01639344262295082,4.0,0.06557377049180328,61.0,11.0,0.18032786885245902,7.0,0.11475409836065574,32.0,0.5245901639344263,6.0,0.09836065573770492,0.29508196721311475,164185.0,161503.0,0.016606502665585055
2023Q4,vuejs/core,18.0,3.0,0.16666666666666666,13.0,0.7222222222222222,2.0,0.1111111111111111,5.0,0.03184713375796178,14.0,0.08917197452229299,157.0,26.0,0.16560509554140126,24.0,0.15286624203821655,76.0,0.4840764331210191,12.0,0.07643312101910828,0.24,42105.0,40094.0,0.05015713074275463
2023Q4,withastro/astro,6.0,,,5.0,0.8333333333333334,1.0,0.16666666666666666,4.0,0.07017543859649122,5.0,0.08771929824561403,57.0,11.0,0.19298245614035087,2.0,0.03508771929824561,29.0,0.5087719298245614,6.0,0.10526315789473684,0.12698412698412698,37895.0,34924.0,0.08507043866681929
2023Q4,zzzprojects/System.Linq.Dynamic.Core,1.0,1.0,1.0,,,,,,,,,12.0,2.0,0.16666666666666666,3.0,0.25,7.0,0.5833333333333334,,,0.15384615384615385,1433.0,1409.0,0.017033356990773685
